DATE,UNIX_TIME,Year,Month,POONDI,CHOLA VARAM,RED HILLS,TAMARAI PAKKAM,CHEMBARAM BAKKAM,KORATTUR ANICUT,VEERANAM,NUNGAM BAKKAM,MEENAM BAKKAM
03.01.11,1298917800000.0,2011,03,0,0,0,0,57,0,,,
04.01.11,1301596200000.0,2011,04,2.2,0,0,0,0,0,,,
05.01.11,1304188200000.0,2011,05,2,0,0,0,2,0,,,
08.01.11,1312137000000.0,2011,08,0,0,1,0,0,0,,,
22.02.11,1298313000000.0,2011,02,27.6,12,15,10,34,5,,,
23.02.11,1298399400000.0,2011,02,18,42,48,9,45,18,,,
24.02.11,1298485800000.0,2011,02,1.6,5,4,51,2,6,,,
22.04.11,1303410600000.0,2011,04,3.4,4,26,0,5,0,,,
23.04.11,1303497000000.0,2011,04,19.4,18,22.6,9,2,30,,,
24.04.11,1303583400000.0,2011,04,5.2,0,0,1,0,0,,,
26.04.11,1303756200000.0,2011,04,0,0,5,0,0,0,,,
21.05.11,1305916200000.0,2011,05,39,29,4,89,45,47,,,
22.05.11,1306002600000.0,2011,05,0,0,0,0,3,0,,,
02.06.11,1296930600000.0,2011,02,17.6,8,2,79,40,83,,,
07.06.11,1309890600000.0,2011,07,7.4,32,42,9,22,73,,,
13.06.11,1307903400000.0,2011,06,0,4,3.2,3,0,0,,,
15.06.11,1308076200000.0,2011,06,14.4,0,21,2,25,26,,,
21.06.11,1308594600000.0,2011,06,1,0,0,0,0,0,,,
24.06.11,1308853800000.0,2011,06,17.2,2,3.4,7,5,26,,,
25.06.11,1308940200000.0,2011,06,0,0,5.3,4,0,0,,,
02.07.11,1297017000000.0,2011,02,24.2,10,5,39,4,0,,,
03.07.11,1299436200000.0,2011,03,9.4,10,12,12,30,9,,,
05.07.11,1304706600000.0,2011,05,0,0,0,0,16,15,,,
06.07.11,1307385000000.0,2011,06,0,5,1.4,11,0,0,,,
07.07.11,1309977000000.0,2011,07,9.4,15,32.2,24,35,36,,,
12.07.11,1323196200000.0,2011,12,17,0,0,3,9,6,,,
14.07.11,1310581800000.0,2011,07,2.4,0,2,0,0,0,,,
17.07.11,1310841000000.0,2011,07,0,0,0,0,3,0,,,
19.07.11,1311013800000.0,2011,07,1.2,0,0,0,0,0,,,
20.07.11,1311100200000.0,2011,07,3.6,8,1.2,0,47,6,,,
23.07.11,1311359400000.0,2011,07,6,0,2,1,4,0,,,
24.07.11,1311445800000.0,2011,07,5.6,0,0,0,0,0,,,
25.07.11,1311532200000.0,2011,07,5.8,0,0,0,2,0,,,
27.07.11,1311705000000.0,2011,07,27,2,5.2,34,15,17,,,
28.07.11,1311791400000.0,2011,07,8,14.2,11.2,23,13,22,,,
01.08.11,1294425000000.0,2011,01,2.2,2,3,5,0,0,,,
03.08.11,1299522600000.0,2011,03,1.4,0,0,3,3,0,,,
05.08.11,1304793000000.0,2011,05,0.6,0,0,0,6,0,,,
06.08.11,1307471400000.0,2011,06,20.6,44,42,23,16,0,,,
08.08.11,1312741800000.0,2011,08,5.8,5,0,11,0,0,,,
09.08.11,1315420200000.0,2011,09,9,28,16,2,10,10,,,
10.08.11,1318012200000.0,2011,10,0,0,0,0,3,7,,,
11.08.11,1320690600000.0,2011,11,23.2,48,25,54,35,42,,,
12.08.11,1323282600000.0,2011,12,5,0,0,0,0,0,,,
13.08.11,1313173800000.0,2011,08,0.8,0,0,0,0,0,,,
16.08.11,1313433000000.0,2011,08,5,11,0,0,0,18,,,
17.08.11,1313519400000.0,2011,08,0,0,0,7,0,6,,,
18.08.11,1313605800000.0,2011,08,2.8,0,12,16,34,8,,,
19.08.11,1313692200000.0,2011,08,41,6,18,20,3,7,,,
21.08.11,1313865000000.0,2011,08,40.2,80,81,78,99,101,,,
22.08.11,1313951400000.0,2011,08,4.6,0,0,6,0,0,,,
24.08.11,1314124200000.0,2011,08,0,36,12,0,0,0,,,
25.08.11,1314210600000.0,2011,08,21.4,21,27,10,60,105,,,
26.08.11,1314297000000.0,2011,08,0,2,0,0,10,3,,,
27.08.11,1314383400000.0,2011,08,22.2,7,13,8,40,26,,,
28.08.11,1314469800000.0,2011,08,0,3,0,0,9,0,,,
02.09.11,1297189800000.0,2011,02,0,0,0,1,0,0,,,
06.09.11,1307557800000.0,2011,06,0,0,0,4,40,8,,,
07.09.11,1310149800000.0,2011,07,0,0,0,1,3,0,,,
08.09.11,1312828200000.0,2011,08,0,2,0,2,0,0,,,
09.09.11,1315506600000.0,2011,09,0.4,0,6,0,2,19,,,
12.09.11,1323369000000.0,2011,12,2.6,0,0,5,0,0,,,
13.09.11,1315852200000.0,2011,09,13.2,0,0,0,5,0,,,
14.09.11,1315938600000.0,2011,09,25.2,8,4,22,0,0,,,
15.09.11,1316025000000.0,2011,09,36.2,2,3,0,6,0,,,
16.09.11,1316111400000.0,2011,09,8,32,44,15,45,13,,,
17.09.11,1316197800000.0,2011,09,3.4,15,42,13,60,54,,,
18.09.11,1316284200000.0,2011,09,1.6,0,2,1,3,22,,,
19.09.11,1316370600000.0,2011,09,0,0,0,1,0,0,,,
20.09.11,1316457000000.0,2011,09,63,40,57,56,90,44,,,
21.09.11,1316543400000.0,2011,09,1.6,0,8,2,0,0,,,
30.09.11,1317321000000.0,2011,09,10.2,0,11,9,16,15,,,
03.10.11,1299695400000.0,2011,03,30.4,0,1,1,2,3,,,
06.10.11,1307644200000.0,2011,06,0,0,0,0,3,20,,,
12.10.11,1323455400000.0,2011,12,9,17,27,25,2,0,,,
13.10.11,1318444200000.0,2011,10,1,0,0,0,1,4,,,
14.10.11,1318530600000.0,2011,10,15.6,0,0,0,0,0,,,
15.10.11,1318617000000.0,2011,10,16,0,0,10,5,6,,,
16.10.11,1318703400000.0,2011,10,0,0,0,0,17,0,,,
18.10.11,1318876200000.0,2011,10,0,0,0,0,1,0,,,
19.10.11,1318962600000.0,2011,10,0,0,0,0,35,17,,,
23.10.11,1319308200000.0,2011,10,25.2,0,0,0,0,4,,,
24.10.11,1319394600000.0,2011,10,11,3,90,0,24,2,,,
25.10.11,1319481000000.0,2011,10,3.4,3,16,4,45,28,,,
26.10.11,1319567400000.0,2011,10,5,13,29.5,12,30,7,,,
27.10.11,1319653800000.0,2011,10,12.6,14,25,30,30,15,,,
28.10.11,1319740200000.0,2011,10,0,7,11,3,0,0,,,
29.10.11,1319826600000.0,2011,10,1.8,4,3,4,2,10,,,
30.10.11,1319913000000.0,2011,10,33.8,34,26.4,46,31,62,,,
31.10.11,1319999400000.0,2011,10,2.2,5,1,3,3,7,,,
01.11.11,1294684200000.0,2011,01,0,4,5,8,48,4,,,
02.11.11,1297362600000.0,2011,02,19.4,21,36,21,41,20,,,
03.11.11,1299781800000.0,2011,03,1,0,5,9,9,0,,,
04.11.11,1302460200000.0,2011,04,41.2,46,65,71,7,24,,,
05.11.11,1305052200000.0,2011,05,54,11,25,13,60,30,,,
06.11.11,1307730600000.0,2011,06,33.2,36,76,90,76,95,,,
17.11.11,1321468200000.0,2011,11,3.6,5,4,2,2,0,,,
18.11.11,1321554600000.0,2011,11,34.4,10,20,26,44,17,,,
19.11.11,1321641000000.0,2011,11,10.4,2,2,0,9,0,,,
25.11.11,1322159400000.0,2011,11,40.6,40,35,40,60,33,,,
26.11.11,1322245800000.0,2011,11,40,44,51,42,36,95,,,
27.11.11,1322332200000.0,2011,11,138,76,77,83,59,76,,,
28.11.11,1322418600000.0,2011,11,20.2,10,28,28,43,50,,,
29.11.11,1322505000000.0,2011,11,1.8,3,5,4,2,5,,,
09.12.11,1315765800000.0,2011,09,1.4,0,0,2,0,0,,,
10.12.11,1318357800000.0,2011,10,7.6,0,1.8,15,3,0,,,
15.12.11,1323887400000.0,2011,12,0,4,3,3,8,0,,,
16.12.11,1323973800000.0,2011,12,9.8,0,0,11,25,18,,,
29.12.11,1325097000000.0,2011,12,0,0,1,1,0,0,,,
30.12.11,1325183400000.0,2011,12,31.8,32,53,51,59,30,,,
31.12.11,1325269800000.0,2011,12,52.6,40,49,44,86,70,,,
09.01.10,1283279400000.0,2010,09,0,1,2,1,1,1,,,
14.01.10,1263407400000.0,2010,01,3,0,0,0,0,0,,,
01.05.10,1262629800000.0,2010,01,1,2,2,0,5,2,,,
02.05.10,1265308200000.0,2010,02,0,2,0,4,6,0,,,
05.05.10,1272997800000.0,2010,05,1,0,0,0,0,3,,,
19.05.10,1274207400000.0,2010,05,13,28,71,16,44,20,,,
20.05.10,1274293800000.0,2010,05,86,130,143,108,65,62,,,
22.05.10,1274466600000.0,2010,05,0,0,0,0,0,1,,,
05.06.10,1273084200000.0,2010,05,0,5,10,15,0,0,,,
06.06.10,1275762600000.0,2010,06,0,0,0,0,5,0,,,
07.06.10,1278354600000.0,2010,07,3,0,0,0,1,8,,,
08.06.10,1281033000000.0,2010,08,2,0,0,0,0,0,,,
09.06.10,1283711400000.0,2010,09,12,11,8,8,0,0,,,
10.06.10,1286303400000.0,2010,10,13,4,22,5,8,16,,,
11.06.10,1288981800000.0,2010,11,0,0,0,0,1,0,,,
12.06.10,1291573800000.0,2010,12,2,8,6,3,0,3,,,
13.06.10,1276367400000.0,2010,06,1,0,0,0,2,4,,,
14.06.10,1276453800000.0,2010,06,2,0,0,0,0,0,,,
22.06.10,1277145000000.0,2010,06,0,5,1,2,0,0,,,
26.06.10,1277490600000.0,2010,06,1,0,0,0,3,2,,,
27.06.10,1277577000000.0,2010,06,3,2,0,9,18,6,,,
28.06.10,1277663400000.0,2010,06,38,84,75,104,50,49,,,
29.06.10,1277749800000.0,2010,06,0,0,0,0,0,1,,,
05.07.10,1273170600000.0,2010,05,3.4,2,0,3,4,6,,,
06.07.10,1275849000000.0,2010,06,3.4,11,17,1,4,11,,,
07.07.10,1278441000000.0,2010,07,5.6,0,1,8,11,2,,,
08.07.10,1281119400000.0,2010,08,0,0,0,0,3,0,,,
09.07.10,1283797800000.0,2010,09,0,2,0,3,0,0,,,
10.07.10,1286389800000.0,2010,10,3,0,0,67,0,2,,,
13.07.10,1278959400000.0,2010,07,11.6,17,38,24,24,35,,,
17.07.10,1279305000000.0,2010,07,33.4,47,15,55,4,7,,,
18.07.10,1279391400000.0,2010,07,48.6,110,50,35,18,80,,,
19.07.10,1279477800000.0,2010,07,18.4,9,12,10,7,10,,,
20.07.10,1279564200000.0,2010,07,4.8,4,4,2,3,0,,,
21.07.10,1279650600000.0,2010,07,17.6,33,20,21,10,11,,,
22.07.10,1279737000000.0,2010,07,2.6,0,0,0,3,2,,,
28.07.10,1280255400000.0,2010,07,10.4,4,9.6,9,6,25,,,
29.07.10,1280341800000.0,2010,07,1.6,4,7.4,2,2,8,,,
30.07.10,1280428200000.0,2010,07,23,80,49,53,13,23,,,
31.07.10,1280514600000.0,2010,07,21,30,22,32,0,7,,,
01.08.10,1262889000000.0,2010,01,0.6,0,3.6,5,0,0,,,
03.08.10,1267986600000.0,2010,03,0,0,0,0,0,2,,,
08.08.10,1281205800000.0,2010,08,1,1,6,0,0,0,,,
09.08.10,1283884200000.0,2010,09,0,0,1,0,12,11,,,
13.08.10,1281637800000.0,2010,08,32,9,15,7,0,66,,,
14.08.10,1281724200000.0,2010,08,26,2,8,2,5,28,,,
16.08.10,1281897000000.0,2010,08,0,27,36,0,0,0,,,
18.08.10,1282069800000.0,2010,08,50,45,42,34,68,60,,,
19.08.10,1282156200000.0,2010,08,35,16,45,59,35,40,,,
21.08.10,1282329000000.0,2010,08,7.6,2,11,56,25,0,,,
22.08.10,1282415400000.0,2010,08,18,15,11,12,63,27,,,
23.08.10,1282501800000.0,2010,08,30,138,110,46,38,30,,,
24.08.10,1282588200000.0,2010,08,2,38,7,6,27,25,,,
25.08.10,1282674600000.0,2010,08,6,7,10,10,12,10,,,
26.08.10,1282761000000.0,2010,08,5.8,5,12,13,0,0,,,
30.08.10,1283106600000.0,2010,08,30,11,10,22,2,15,,,
31.08.10,1283193000000.0,2010,08,0,0,1,1,9,15,,,
03.09.10,1268073000000.0,2010,03,13,51,29,25,3,3,,,
04.09.10,1270751400000.0,2010,04,0,0,2,2,0,2,,,
05.09.10,1273343400000.0,2010,05,0,1,2,0,16,7,,,
06.09.10,1276021800000.0,2010,06,1,0,0,2,8,10,,,
10.09.10,1286562600000.0,2010,10,88,80,20,44,39,67,,,
11.09.10,1289241000000.0,2010,11,7,0,2,65,3,10,,,
12.09.10,1291833000000.0,2010,12,0,2,1,0,0,0,,,
13.09.10,1284316200000.0,2010,09,0,0,1,41,2,15,,,
14.09.10,1284402600000.0,2010,09,9.4,5,1,5,5,8,,,
15.09.10,1284489000000.0,2010,09,0.8,0,0,3,0,0,,,
18.09.10,1284748200000.0,2010,09,0,20,14,1,0,0,,,
25.09.10,1285353000000.0,2010,09,1.4,0,0,29,0,0,,,
26.09.10,1285439400000.0,2010,09,0,0,0,0,15,26,,,
27.09.10,1285525800000.0,2010,09,6,90,28,17,2,15,,,
28.09.10,1285612200000.0,2010,09,0,0,3,2,5,0,,,
02.10.10,1265740200000.0,2010,02,0,0,1,0,0,0,,,
03.10.10,1268159400000.0,2010,03,6.2,12,18,3,34,25,,,
04.10.10,1270837800000.0,2010,04,0,2,1,2,0,0,,,
06.10.10,1276108200000.0,2010,06,0,50,18,0,0,0,,,
07.10.10,1278700200000.0,2010,07,8.2,5,1,15,7,12,,,
17.10.10,1287253800000.0,2010,10,0,4,9,4,2,0,,,
20.10.10,1287513000000.0,2010,10,0,2,7,25,0,0,,,
21.10.10,1287599400000.0,2010,10,0,0,0,0,9,0,,,
22.10.10,1287685800000.0,2010,10,0,5,0,0,0,10,,,
24.10.10,1287858600000.0,2010,10,6.6,4,3,9,0,0,,,
26.10.10,1288031400000.0,2010,10,0,3,0,5,0,0,,,
27.10.10,1288117800000.0,2010,10,1,0,0,2,0,0,,,
29.10.10,1288290600000.0,2010,10,15,45,60,43,72,27,,,
30.10.10,1288377000000.0,2010,10,22,60,42,28,35,22,,,
31.10.10,1288463400000.0,2010,10,14.2,3,12,17,13,15,,,
02.11.10,1265826600000.0,2010,02,2.4,40,25,1,4,20,,,
03.11.10,1268245800000.0,2010,03,0,4,5,0,0,0,,,
04.11.10,1270924200000.0,2010,04,5.4,0,0,0,5,13,,,
05.11.10,1273516200000.0,2010,05,7.6,1,9,8,5,10,,,
06.11.10,1276194600000.0,2010,06,2.2,0,0,0,12,0,,,
07.11.10,1278786600000.0,2010,07,4.8,15,10,7,12,5,,,
08.11.10,1281465000000.0,2010,08,21.8,37,41,22,49,37,,,
10.11.10,1286735400000.0,2010,10,0,0,0,9,16,0,,,
11.11.10,1289413800000.0,2010,11,0,2,9,19,20,0,,,
12.11.10,1292005800000.0,2010,12,9,0,4,66,0,0,,,
14.11.10,1289673000000.0,2010,11,3.6,0,0,0,0,0,,,
15.11.10,1289759400000.0,2010,11,0,0,0,2,0,0,,,
16.11.10,1289845800000.0,2010,11,25,28,34,37,3,15,,,
17.11.10,1289932200000.0,2010,11,26.2,50,49,55,57,82,,,
18.11.10,1290018600000.0,2010,11,13,20,14,9,25,17,,,
19.11.10,1290105000000.0,2010,11,1,0,0,0,2,0,,,
21.11.10,1290277800000.0,2010,11,0,0,10,0,26,0,,,
22.11.10,1290364200000.0,2010,11,0,0,0,0,2,0,,,
24.11.10,1290537000000.0,2010,11,1,0,4,0,0,12,,,
26.11.10,1290709800000.0,2010,11,1,0,4,2,2,0,,,
27.11.10,1290796200000.0,2010,11,0,0,0,0,3,0,,,
30.11.10,1291055400000.0,2010,11,0,0,2,4,0,0,,,
01.12.10,1263234600000.0,2010,01,20,126,41,12,25,15,,,
02.12.10,1265913000000.0,2010,02,34.4,85,35,83,71,28,,,
03.12.10,1268332200000.0,2010,03,7.8,0,2,6,5,0,,,
04.12.10,1271010600000.0,2010,04,0,0,1,0,0,0,,,
05.12.10,1273602600000.0,2010,05,3,2,5,8,2,0,,,
06.12.10,1276281000000.0,2010,06,36,49,62,54,75,50,,,
07.12.10,1278873000000.0,2010,07,40.3,38,55,70,54,69,,,
08.12.10,1281551400000.0,2010,08,1.8,3,2,4,8,0,,,
09.12.10,1284229800000.0,2010,09,4.2,1,0,24,1,0,,,
10.12.10,1286821800000.0,2010,10,0,1,0,0,0,0,,,
12.12.10,1292092200000.0,2010,12,0,8,14,0,0,0,,,
14.12.10,1292265000000.0,2010,12,2,0,0,15,18,0,,,
16.12.10,1292437800000.0,2010,12,2,0,0,0,18,0,,,
17.12.10,1292524200000.0,2010,12,0,2,7,2,5,15,,,
18.12.10,1292610600000.0,2010,12,2,2,5,2,11,0,,,
20.12.10,1292783400000.0,2010,12,9,5,8,8,5,11,,,
21.12.10,1292869800000.0,2010,12,0,0,4,0,8,0,,,
02.01.14,1391193000000.0,2014,02,0,0,0,0,0,0,0,0,0.5
03.01.14,1393612200000.0,2014,03,0,0,0,0,0,0,0,0.1,0
20.01.14,1390156200000.0,2014,01,0,0,0,0,0,0,0,0,0.5
21.01.14,1390242600000.0,2014,01,0,0,0,0,0,0,0,0,0.4
17.02.14,1392575400000.0,2014,02,0,0,0,0,0,0,0,9.2,4.6
18.02.14,1392661800000.0,2014,02,4.0,0,3.6,0,0,0,0,0.4,4.6
19.02.14,1392748200000.0,2014,02,0,0,0,0.4,0,0,0,0.1,0.3
20.02.14,1392834600000.0,2014,02,0,0,0.4,0,0,0,0,0,0
24.02.14,1393180200000.0,2014,02,0,0,0,0,0,0,5,0,0.6
25.02.14,1393266600000.0,2014,02,0,0,0,0,0,0,14,0.2,0.7
05.05.14,1399228200000.0,2014,05,15.6,1,1,4,4,0,36,9.1,13.9
06.05.14,1401906600000.0,2014,06,0,0,10,0,0,0,60,3.2,2.9
07.05.14,1404498600000.0,2014,07,0,0,0,3,0,0,77,0,1.6
08.05.14,1407177000000.0,2014,08,12,5,4.6,7,6,14,54,1.2,2.4
09.05.14,1409855400000.0,2014,09,0,0,0,0,0,0,5,0,0.3
23.05.14,1400783400000.0,2014,05,0,0,0,0,0,3,0,0,0
24.05.14,1400869800000.0,2014,05,3.2,0,0,0,6,0,0,0,0
27.05.14,1401129000000.0,2014,05,0,0,0,0,0,0,37,0,0
03.06.14,1394044200000.0,2014,03,21.2,0,0,0,17,0,33,0.5,21.8
04.06.14,1396722600000.0,2014,04,2.6,0,0,0,0,0,0,0,0
05.06.14,1399314600000.0,2014,05,44.6,0,0,0,0,0,0,0,0
06.06.14,1401993000000.0,2014,06,0,0,0,56,4,16,0,0,0
07.06.14,1404585000000.0,2014,07,0,0,0,2,0,0,0,0,0
09.06.14,1409941800000.0,2014,09,12,32,39,17,60,33,0,36.7,51.8
10.06.14,1412533800000.0,2014,10,11.6,11,7,26,2,5,0,8.3,2.5
13.06.14,1402597800000.0,2014,06,0,0,0,0,0,0,0,0,3.6
15.06.14,1402770600000.0,2014,06,0,0,0,0,0,0,6,0,0
18.06.14,1403029800000.0,2014,06,0,0,0,0,0,0,0,0,0.5
21.06.14,1403289000000.0,2014,06,2.4,0,0.6,0,0,0,0,1.7,0
22.06.14,1403375400000.0,2014,06,3.6,0,0,4,10,3,0,2.8,10.4
23.06.14,1403461800000.0,2014,06,0,0,0,2,0,0,0,0.9,1.2
29.06.14,1403980200000.0,2014,06,0,12,15,13,32,5,0,25.5,62.6
30.06.14,1404066600000.0,2014,06,16,13,12,17,43,33,13,20.3,34.2
01.07.14,1389033000000.0,2014,01,0,15,21,9,0,12,0,7,0
02.07.14,1391711400000.0,2014,02,0,0,0,0,0,0,4.5,0,0
06.07.14,1402079400000.0,2014,06,67,62,26,38,25,32,0,1.5,3.4
07.07.14,1404671400000.0,2014,07,4.4,0,0,4,0,0,42,0.6,0.8
08.07.14,1407349800000.0,2014,08,1.2,0,2,0,0,0,8,5.1,3.5
11.07.14,1415298600000.0,2014,11,18,2,2.6,7,12,22,0,8.9,8.8
12.07.14,1417890600000.0,2014,12,0,0,1,0,0,14,0,1.4,4.3
15.07.14,1405362600000.0,2014,07,0,0,0,0,0,0,0,1.4,1.1
21.07.14,1405881000000.0,2014,07,4,0,0,0,0,0,0,2.7,0.5
22.07.14,1405967400000.0,2014,07,0,0,0.2,0,2,6,0,8.2,0.2
23.07.14,1406053800000.0,2014,07,3.6,0,1.8,0,0,0,0,2.8,3.1
25.07.14,1406226600000.0,2014,07,1.6,5,5.8,8,0,0,0,7,0.4
26.07.14,1406313000000.0,2014,07,0,0,0,0,0,0,0,2.7,6.3
27.07.14,1406399400000.0,2014,07,0,0,0,0,0,0,29,1.3,2.9
28.07.14,1406485800000.0,2014,07,0,0,0,0,0,0,20,0,0
30.07.14,1406658600000.0,2014,07,1.6,10,5,4,3,3,0,8.3,1.1
31.07.14,1406745000000.0,2014,07,0,0,0,0,2,0,0,0,0.4
02.08.14,1391797800000.0,2014,02,26.8,7,16,35,0,5,0,37.1,0.2
03.08.14,1394217000000.0,2014,03,0,0,0,0,0,0,0,0.2,0
04.08.14,1396895400000.0,2014,04,8.2,0,0,4,12,6,0,12.2,14.7
06.08.14,1402165800000.0,2014,06,10.8,8,7.2,16,7,0,0,10,2.2
07.08.14,1404757800000.0,2014,07,10.4,22,13,10,5,10,0,8.6,6.3
09.08.14,1410114600000.0,2014,09,7,15,25,14,65,26,0,25.5,33.9
10.08.14,1412706600000.0,2014,10,0,0,0,3,10,14,6,3,4.4
11.08.14,1415385000000.0,2014,11,1.4,0,0,0,2,0,0,2.6,8.4
12.08.14,1417977000000.0,2014,12,34.4,6,25,24,10,30,5,19.8,22.2
13.08.14,1407868200000.0,2014,08,12.2,0,1,4,6,25,1,5.9,5.6
15.08.14,1408041000000.0,2014,08,0,0,0,3,1,0,0,2.6,0.1
16.08.14,1408127400000.0,2014,08,18,4,1.2,8.6,0,21,10,0,0
17.08.14,1408213800000.0,2014,08,0,0,0,0,0,0,74,0,0
19.08.14,1408386600000.0,2014,08,0,0,0,0,0,0,0,0,0.2
21.08.14,1408559400000.0,2014,08,0,0,0,0,0,0,24,0,0
24.08.14,1408818600000.0,2014,08,0,0,0,0,0,0,11,0,0
25.08.14,1408905000000.0,2014,08,35,10,20,54,25,54,0,89.3,85.2
26.08.14,1408991400000.0,2014,08,16,0,0,3,0,0,0,0,0
27.08.14,1409077800000.0,2014,08,0,2,3,3,0,7,0,5.4,0.2
30.08.14,1409337000000.0,2014,08,0,0,0,0,0,0,0,0.4,0
02.09.14,1391884200000.0,2014,02,8,0,0,2,0,0,0,0,0
03.09.14,1394303400000.0,2014,03,0,0,0,0,0,0,3.2,0,0
04.09.14,1396981800000.0,2014,04,4,33,19,66,69,45,0,26.9,59.2
05.09.14,1399573800000.0,2014,05,1.2,0,0,0,0,0,0,0.1,0
06.09.14,1402252200000.0,2014,06,15.6,26,20,8,12,6,7,33,15.8
07.09.14,1404844200000.0,2014,07,5.6,4,1.4,1,0,0,0,2.8,0.1
08.09.14,1407522600000.0,2014,08,4,2,4,17,0,0,0,8.1,3.7
09.09.14,1410201000000.0,2014,09,0,0,0,0,0,0,0,0,0.1
12.09.14,1418063400000.0,2014,12,0,0,0,0,0,0,0,1.2,0
13.09.14,1410546600000.0,2014,09,16,19,5,14,5,23,0,2.2,0.6
14.09.14,1410633000000.0,2014,09,0,0,0,0,0,0,0,0.3,0.2
15.09.14,1410719400000.0,2014,09,9.8,6,5.4,24,2,4,0,14.1,3
16.09.14,1410805800000.0,2014,09,37,14,13.6,18.4,51,15,5,21.4,24.8
17.09.14,1410892200000.0,2014,09,7,0,1.6,0,5,4,0,0.7,1.3
18.09.14,1410978600000.0,2014,09,0,7,5.2,1.6,4,0,16,2.5,4.5
19.09.14,1411065000000.0,2014,09,2.4,0,0,0,2,2,0,tr,0.8
20.09.14,1411151400000.0,2014,09,0,0,0,0,0,0,0,0.2,0
22.09.14,1411324200000.0,2014,09,35,3,6.2,14.8,65,14,0,13.3,31.4
23.09.14,1411410600000.0,2014,09,11.6,0,0,0,7,18,0,0,0
24.09.14,1411497000000.0,2014,09,27.2,0,0,0,0,0,0,0,0
25.09.14,1411583400000.0,2014,09,0,0,0,0,0,0,0,0,1.1
26.09.14,1411669800000.0,2014,09,1.2,0,0,0,0,0,0,0,0
27.09.14,1411756200000.0,2014,09,25.2,0,0,0,0,0,11,0,0
28.09.14,1411842600000.0,2014,09,1,0,0,5.4,6,26,0,3.5,4.4
29.09.14,1411929000000.0,2014,09,1,0,0,0,5,0,0,0.5,0.5
08.10.14,1407609000000.0,2014,08,15.4,0,0,14.2,20,15,0,4.8,14.8
09.10.14,1410287400000.0,2014,09,1.6,0,0,0,0,0,0,0,0
10.10.14,1412879400000.0,2014,10,7.8,0,0,0,0,7,0,18.6,4.4
16.10.14,1413397800000.0,2014,10,11.8,10,1,19.2,0,13,33,0.5,1.7
17.10.14,1413484200000.0,2014,10,0,2,3.2,4.8,0,0,3,0.2,3.4
18.10.14,1413570600000.0,2014,10,56,30,54,21,95,36,87,161.9,115.3
19.10.14,1413657000000.0,2014,10,36.6,49,48,35,64,66,40,52,74.8
20.10.14,1413743400000.0,2014,10,27.4,54,91,47,27,55,89.5,42.1,33.2
21.10.14,1413829800000.0,2014,10,13,8,9,16.5,20,24,58,32.9,24
22.10.14,1413916200000.0,2014,10,0,0,1.4,0,5,10,18,0.1,0
23.10.14,1414002600000.0,2014,10,3.2,5.0,11.8,6,5,0,10,5.4,3.8
24.10.14,1414089000000.0,2014,10,27,67,56.4,55,52,63,17.4,78.1,85.8
25.10.14,1414175400000.0,2014,10,2,4,11.2,8,15,0,0,0.8,0.3
26.10.14,1414261800000.0,2014,10,9.2,0,0,1.6,10,0,77,6.8,0.8
27.10.14,1414348200000.0,2014,10,0,0,0,2,2,0,7,0,5.3
28.10.14,1414434600000.0,2014,10,0,3,5,0,0,0,0,1.3,0
01.11.14,1389378600000.0,2014,01,17,18,31,29,5,7,0,32.8,26.6
02.11.14,1392057000000.0,2014,02,3,36,25,9,5,9,11.5,19.1,9.8
03.11.14,1394476200000.0,2014,03,0,15,13,4,10,6,25,24.6,9.1
04.11.14,1397154600000.0,2014,04,0,0,0,0,0,0,2,0.1,0
09.11.14,1410373800000.0,2014,09,0,0,0,1.8,0,0,0,2.2,0.5
12.11.14,1418236200000.0,2014,12,1,4,6.4,0,15,5,0,13,25.9
13.11.14,1415817000000.0,2014,11,96,113,90,100.4,82,92,33,80.2,77.1
14.11.14,1415903400000.0,2014,11,23,40,40.2,38,27,45,121,16,20.4
15.11.14,1415989800000.0,2014,11,3,0,0,0,10,0,24,8.9,5.6
19.11.14,1416335400000.0,2014,11,0,0,0,0,0,0,24,0,0
23.11.14,1416681000000.0,2014,11,0,0,0,0,0,0,3,0,0
29.11.14,1417199400000.0,2014,11,0,0,0,0,0,0,30,0,0
30.11.14,1417285800000.0,2014,11,0,0,0,0,0,0,15,0,0
01.12.14,1389465000000.0,2014,01,0,0,0,0,3,0,6,1.6,2.6
10.12.14,1413052200000.0,2014,10,0,9,11.4,0,0,0,0,11.1,4.1
11.12.14,1415730600000.0,2014,11,10,30,37,31,10,8,0,14.4,35.4
12.12.14,1418322600000.0,2014,12,0,6,5,9.2,12,0,0,11.8,21.7
13.12.14,1418409000000.0,2014,12,3.4,4,10,0,0,0,32,1.9,9.8
14.12.14,1418495400000.0,2014,12,67,7,3.2,14.8,15,28,11.3,5.2,5.4
15.12.14,1418581800000.0,2014,12,0,0,0,0,0,0,0,0,0
16.12.14,1418668200000.0,2014,12,0,0,4.8,0,0,0,0,tr,0.5
17.12.14,1418754600000.0,2014,12,0,0,0,0,0,0,20,0,0
18.12.14,1418841000000.0,2014,12,0,4,3,0,0,0,62,0,0
19.12.14,1418927400000.0,2014,12,0,1,0,0,0,0,60.4,0,tr
22.12.14,1419186600000.0,2014,12,0,4,2,0,0,0,0,0.5,0.7
24.12.14,1419359400000.0,2014,12,0,0,0,0,0,0,1,0,0
29.12.14,1419791400000.0,2014,12,5,8,6,5,10,0,24,16.5,14.3
30.12.14,1419877800000.0,2014,12,14,41,81,22,45,24,9.3,85,70
31.12.14,1419964200000.0,2014,12,0,3,2,0,0,0,0,0.3,tr
27.01.2017,1485455400000.0,2017,01,2,3,4.4,1,2,0,26,4.6,4.4
28.01.2017,1485541800000.0,2017,01,2.4,,,,,,35,0.1,4.2
30.01.2017,1485714600000.0,2017,01,,,,,,,2,,
05.03.2017,1493749800000.0,2017,05,0,0,0,0,0,0,14,0,0
13.03.2017,1489343400000.0,2017,03,0,0,0,0,0,0,44,0,0
10.05.2017,1507141800000.0,2017,10,63,0,0,4,0,0,0,0,0
12.05.2017,1512412200000.0,2017,12,0,0,6,0,0,0,0,0,0
30.05.2017,1496082600000.0,2017,05,0,12,15,0,0,0,0,2.9,0
04.06.2017,1491417000000.0,2017,04,17,0,0,0,0,0,0,0,0
07.06.2017,1499279400000.0,2017,07,7,22,30,0,13,6,0,11.6,12.4
12.06.2017,1512498600000.0,2017,12,0,0,0,5,0,0,0,0,0
15.06.2017,1497465000000.0,2017,06,0,1,1,4,2,0,0,0,0
17.06.2017,1497637800000.0,2017,06,3,1,5,0,2,0,0,0,0
19.06.2017,1497810600000.0,2017,06,0,15,19,0,0,0,0,0,0
20.06.2017,1497897000000.0,2017,06,23,17,25,14,36,13,33,6.6,39
21.06.2017,1497983400000.0,2017,06,0,0,0,2,0,0,0,0,0
23.06.2017,1498156200000.0,2017,06,0,0,0,2,0,0,0,0,0
24.06.2017,1498242600000.0,2017,06,12,8,9,11,35,7,0,14.6,25.6
25.06.2017,1498329000000.0,2017,06,,,,,5,,,,
26.06.2017,1498415400000.0,2017,06,0,7,5,6,0,0,0,0.4,0
28.06.2017,1498588200000.0,2017,06,2,4,11,12,0,0,0,0,0
04.07.2017,1491503400000.0,2017,04,4,6,,,12,,,2.9,1.7
07.07.2017,1499365800000.0,2017,07,3,5,7,4,31,9,0,2.6,47.3
08.07.2017,1502044200000.0,2017,08,1.4,6,7,0,0,0,0,7,0
10.07.2017,1507314600000.0,2017,10,30,18,19,16,62,18,0,84,46.2
12.07.2017,1512585000000.0,2017,12,44,47,32,47,90,73,0,17.5,54.4
13.07.2017,1499884200000.0,2017,07,2,0,0,0,0,0,0,0,0
14.07.2017,1499970600000.0,2017,07,,,,,,,,1.0,0.2
16.07.2017,1500143400000.0,2017,07,,,3,,,,,0.2,0.3
24.07.2017,1500834600000.0,2017,07,0,0,0,0,0,0,0,0,0
27.07.2017,1501093800000.0,2017,07,1,0,0,0,31,28,0,3.3,36
29.07.2017,1501266600000.0,2017,07,5,0,0,0,11,8,0,0.3,1.8
30.07.2017,1501353000000.0,2017,07,0,6,6,0,5,18,0,0,0.5
02.08.2017,1486492200000.0,2017,02,0,0,0,10,12,0,0,9.2,10.1
03.08.2017,1488911400000.0,2017,03,0,8,9,8,2,,,14.8,8.2
05.08.2017,1494181800000.0,2017,05,,2,1,,,,,1.9,0.7
06.08.2017,1496860200000.0,2017,06,,4,4,,,,,34.4,4.4
07.08.2017,1499452200000.0,2017,07,,4,10,4,,,,15.3,
12.08.2017,1512671400000.0,2017,12,1.0,45,38,38,19,12,,,
13.08.2017,1502562600000.0,2017,08,1.0,,5,,13,,,,
14.08.2017,1502649000000.0,2017,08,,,,,18,7,,,
15.08.2017,1502735400000.0,2017,08,49.0,26,61,39,,1,,,
17.08.2017,1502908200000.0,2017,08,,,,34,5,,,26.8,18.9
18.08.2017,1502994600000.0,2017,08,11.0,45,50,8,50,54,,61.1,60.9
19.08.2017,1503081000000.0,2017,08,18,76,135,51,19,34,,17.2,4.0
20.08.2017,1503167400000.0,2017,08,13.0,10,18,13,4,,,2.1,0.6
21.08.2017,1503253800000.0,2017,08,3,13,25,17,,,,5.2,
22.08.2017,1503340200000.0,2017,08,,2,1,,11,,,0.2,15.0
24.08.2017,1503513000000.0,2017,08,2,1,,,10,7,,,6.2
25.08.2017,1503599400000.0,2017,08,5,7,4,7,13,32,,4.4,4.1
26.08.2017,1503685800000.0,2017,08,1,,,,,,,0.1,0.2
27.08.2017,1503772200000.0,2017,08,5.0,11,6,13,6,28,,18.9,12.4
28.08.2017,1503858600000.0,2017,08,1.0,,,,9,,,0.5,4.9
31.08.2017,1504117800000.0,2017,08,41,15,13,26,29,38,,14.1,11.4
01-09-2017,1483900200000.0,2017,01,,,,,,,,1.1,0.3
02-09-2017,1486578600000.0,2017,02,,44,51,8,35,,,3.8,12.2
03-09-2017,1488997800000.0,2017,03,,4,,6,19,18,,,0.5
04-09-2017,1491676200000.0,2017,04,6.0,,,,,,,,
05-09-2017,1494268200000.0,2017,05,13.0,,,,,,,,
06-09-2017,1496946600000.0,2017,06,,,,2,50,12,,,
07-09-2017,1499538600000.0,2017,07,18.0,,,,12,,,2.8,46.8
08-09-2017,1502217000000.0,2017,08,,,,,,,,,
09-09-2017,1504895400000.0,2017,09,1.0,10,5,14,,6,,,
10-09-2017,1507487400000.0,2017,10,,5,10,,,,,,
11-09-2017,1510165800000.0,2017,11,7.0,,4,,,,,,
12-09-2017,1512757800000.0,2017,12,,5,11,,,,,0.5,
13-09-2017,1505241000000.0,2017,09,,,,,,,,,
14-09-2017,1505327400000.0,2017,09,,,,,,,,,
15-09-2017,1505413800000.0,2017,09,,,,,,,,,0.5
16-09-2017,1505500200000.0,2017,09,,,,,,,,,
17-09-2017,1505586600000.0,2017,09,26.0,5,4,11,,,,9.6,14.8
18-09-2017,1505673000000.0,2017,09,4.0,2,,3,,,,0.2,0.8
19-09-2017,1505759400000.0,2017,09,6.0,8,7,8,12,33,,25.8,11.0
20-09-2017,1505845800000.0,2017,09,,,,,,,,,
21-09-2017,1505932200000.0,2017,09,,,,,,,,,
22-09-2017,1506018600000.0,2017,09,2.0,5,2,,,,,0.3,
23-09-2017,1506105000000.0,2017,09,,,,,,,,,
24-09-2017,1506191400000.0,2017,09,,,,,,,,,1.4
25-09-2017,1506277800000.0,2017,09,,,,,21,,,10.0,20.0
26-09-2017,1506364200000.0,2017,09,,,,,6,,12,2.9,
27-09-2017,1506450600000.0,2017,09,,,,,,,,0.1,0.1
28-09-2017,1506537000000.0,2017,09,,,,,,,,,0.2
29-09-2017,1506623400000.0,2017,09,1.0,1,1,12,,,,16.3,0.7
30-09-2017,1506709800000.0,2017,09,3.0,10,47,15,,,,1.6,
01-10-2017,1483986600000.0,2017,01,135.0,117,127,109,47,53,,47.8,24.6
02-10-2017,1486665000000.0,2017,02,4.0,,3,3,15,,,3.4,7.8
03-10-2017,1489084200000.0,2017,03,,,,,,,,,
04-10-2017,1491762600000.0,2017,04,8.0,25,21,38,33,27,,43.2,40.6
05-10-2017,1494354600000.0,2017,05,13.0,8,5,38,2,12,,,4.3
06-10-2017,1497033000000.0,2017,06,13.0,,,6,6,47,,0.2,23.2
07-10-2017,1499625000000.0,2017,07,,26,28,48,,,,,4.8
08-10-2017,1502303400000.0,2017,08,2.0,,,,,,,,
09-10-2017,1504981800000.0,2017,09,,,,,,,,0.1,
10-10-2017,1507573800000.0,2017,10,12.0,,,,,,,7.1,
11-10-2017,1510252200000.0,2017,11,,,,,,,,2.7,1.8
12-10-2017,1512844200000.0,2017,12,3.0,15,4,54,8,,,2.2,0.9
13-10-2017,1507833000000.0,2017,10,,,,,,,,,
14-10-2017,1507919400000.0,2017,10,,,,,3,,,0.7,1.0
15-10-2017,1508005800000.0,2017,10,,,,,,,,,
16-10-2017,1508092200000.0,2017,10,4.0,6,1,28,,,,0.1,0.3
17-10-2017,1508178600000.0,2017,10,46.0,18,17,25,13,26,,24.1,7.7
18-10-2017,1508265000000.0,2017,10,,2,,,,,,0.2,0.1
19-10-2017,1508351400000.0,2017,10,,,,,,,,,
20-10-2017,1508437800000.0,2017,10,,,,,,,,,
21-10-2017,1508524200000.0,2017,10,,,,,,,,,
22-10-2017,1508610600000.0,2017,10,,,,,,,,,
23-10-2017,1508697000000.0,2017,10,2.0,,,38,,,,21.2,
24-10-2017,1508783400000.0,2017,10,,,,,,,,,
25-10-2017,1508869800000.0,2017,10,,,,,1,,23,,
26-10-2017,1508956200000.0,2017,10,,,,,15,,24,,8.5
27-10-2017,1509042600000.0,2017,10,,3,10,,3,,,,
28-10-2017,1509129000000.0,2017,10,12.0,,2,8,16,,,1.0,1.1
29-10-2017,1509215400000.0,2017,10,,,,,11,,1,0.1,2.6
30-10-2017,1509301800000.0,2017,10,13.0,12,35,14,6,6,5,9.4,15.3
31-10-2017,1509388200000.0,2017,10,41.0,95,103,82,176,70,136,115.8,168.5
01-11-2017,1484073000000.0,2017,01,30.0,55,37,63,34,17,36,41.3,28.8
02-11-2017,1486751400000.0,2017,02,6.0,25,15,19,16,42,,40.8,24.1
03-11-2017,1489170600000.0,2017,03,30.0,86,81,71,69,36,46,178.7,138.8
04-11-2017,1491849000000.0,2017,04,8.0,42,34,59,49,32,65,60.0,60.0
05-11-2017,1494441000000.0,2017,05,53.0,30,34,43,15,39,38,8.6,20.1
06-11-2017,1497119400000.0,2017,06,41.0,41,84,79,21,30,58,4.4,13.6
07-11-2017,1499711400000.0,2017,07,8.0,5,5,3,22,23,8,5.5,8.4
08-11-2017,1502389800000.0,2017,08,40.0,45,58,25,16,9,2,20.2,21.3
09-11-2017,1505068200000.0,2017,09,,,,,,,,,
10-11-2017,1507660200000.0,2017,10,,,,,,,,0.2,
11-11-2017,1510338600000.0,2017,11,,4,4,1,3,,23,1.8,5.3
12-11-2017,1512930600000.0,2017,12,,,,,,,,1.4,0.4
13-11-2017,1510511400000.0,2017,11,13.0,33,29,36,15,9,,65.2,24.6
14-11-2017,1510597800000.0,2017,11,18,40,46,30,10,28,0,25.7,13.9
15-11-2017,1510684200000.0,2017,11,0,18,20,11,3,0,10,6.3,2.3
16-11-2017,1510770600000.0,2017,11,33,,,,,9,,,
20-11-2017,1511116200000.0,2017,11,,,,,,,,0.2,2.0
21-11-2017,1511202600000.0,2017,11,,,1.0,,6,,,1.2,
22-11-2017,1511289000000.0,2017,11,5,2,6,16,,,,0.1,1.5
26-11-2017,1511634600000.0,2017,11,,,1.0,,,,3.0,1.1,1.0
27-11-2017,1511721000000.0,2017,11,2,3,4,3,116,8,42,64.0,101.3
28-11-2017,1511807400000.0,2017,11,,,,,,,37,1.3,2.8
29-11-2017,1511893800000.0,2017,11,,,,,,3,2,,
30-11-2017,1511980200000.0,2017,11,15,31,32,33,16,7,21,30,16
01-12-2017,1484159400000.0,2017,01,61,67,51,68,76,67,9,52.5,52.6
02-12-2017,1486837800000.0,2017,02,2,,,,10,,153,,0.4
03-12-2017,1489257000000.0,2017,03,,,,,,,24,,
04-12-2017,1491935400000.0,2017,04,,,,,,,1,,
05-12-2017,1494527400000.0,2017,05,,,,,,,1,,
16-12-2017,1513362600000.0,2017,12,,,,,,,1,,
18-12-2017,1513535400000.0,2017,12,,,,,,,1,,
22-12-2017,1513881000000.0,2017,12,,,,,1,,7,,
23-12-2017,1513967400000.0,2017,12,,1,4,,2,3,9,1.3,0.5
31-12-2017,1514658600000.0,2017,12,0,0,0,0,0,0,0,0,0
16.02.13,1360953000000.0,2013,02,0,0,0.3,0,14.5,7,0,6.2,11.6
17.02.13,1361039400000.0,2013,02,63,13,16,19,17,24,0,7.3,7.6
18.02.13,1361125800000.0,2013,02,5,5,26,10,0,0,12,0.8,0.5
19.02.13,1361212200000.0,2013,02,3.8,0,0,0,3,0,0,0,0
06.03.13,1370197800000.0,2013,06,0,0,0,0,0,0,21,0,0
07.03.13,1372789800000.0,2013,07,46,5,17,20,7,8,9,11.7,31.7
19.04.13,1366309800000.0,2013,04,0.6,0,0,0,0,0,0,0,0
22.04.13,1366569000000.0,2013,04,0.8,0,0,0,0,0,0,0,0
23.04.13,1366655400000.0,2013,04,0,0,0,8,0,0,0,0,0
24.04.13,1366741800000.0,2013,04,0,4,5,0,0,0,0,0,0
25.04.13,1366828200000.0,2013,04,0,0,0,0,9,0,0,0,0
13.05.13,1368383400000.0,2013,05,1.2,2,1,48,7,3,0,3.6,50.6
29.05.13,1369765800000.0,2013,05,0,0,0,0,2,0,15,0,0
01.06.13,1357410600000.0,2013,01,2.8,0,0,0,13,0,0,0,0
03.06.13,1362508200000.0,2013,03,0,30,5,7,33,25,0,0.9,91
04.06.13,1365186600000.0,2013,04,2.8,0,0,4,0,0,0,0,0
07.06.13,1373049000000.0,2013,07,0,6,29,0,45,15,25,14.5,26.7
08.06.13,1375727400000.0,2013,08,6.2,8,22,6,8,5,13,0.6,0.9
10.06.13,1380997800000.0,2013,10,0,0,0,0,0,0,0,0,0.8
11.06.13,1383676200000.0,2013,11,0,0,8,0,11,3,0,0.1,0.1
12.06.13,1386268200000.0,2013,12,8.6,0,0,0,4,4,0,0.6,3.9
15.06.13,1371234600000.0,2013,06,0,0,0,1,0,0,0,0,0
24.06.13,1372012200000.0,2013,06,3,0,1,0,0,0,0,0,0
27.06.13,1372271400000.0,2013,06,1.4,2,1.6,2,0,0,0,0,0
28.06.13,1372357800000.0,2013,06,0,2,0,8,10,0,5,8.8,22.9
29.06.13,1372444200000.0,2013,06,1.8,6,5,2,7,3,2,1.7,9.3
30.06.13,1372530600000.0,2013,06,2,33,28,7.6,2,0,0,6.3,8.6
01.07.13,1357497000000.0,2013,01,0,0,0,0,0,0,10.5,0,0
02.07.13,1360175400000.0,2013,02,0.6,0,0,0,0,0,0,1,0.3
03.07.13,1362594600000.0,2013,03,0,0,0,0,2,0,3,0.2,0.3
04.07.13,1365273000000.0,2013,04,0,0,6,1,2,0,0,4.5,0.3
05.07.13,1367865000000.0,2013,05,0,1,0,0,0,0,0,0,0
06.07.13,1370543400000.0,2013,06,0,0,0,0,0,0,0,0,0.6
07.07.13,1373135400000.0,2013,07,0.4,1,3,4,15,12,0,18.8,4
08.07.13,1375813800000.0,2013,08,1.6,2,6,3,3,4,0,22.2,4.2
09.07.13,1378492200000.0,2013,09,0,0,0,0,0,0,0,0.5,0
11.07.13,1383762600000.0,2013,11,20,27,33,26,45,28,0,24.3,32.6
12.07.13,1386354600000.0,2013,12,6.4,4,19,3,8,13,0,3.1,6.2
13.07.13,1373653800000.0,2013,07,4.8,15,9,15,0,0,0,0,0
16.07.13,1373913000000.0,2013,07,33.4,25,29,25,16,0,0,6.8,25.8
18.07.13,1374085800000.0,2013,07,8.4,2,5,3,0,0,0,1.6,tr
19.07.13,1374172200000.0,2013,07,12.6,21,24,13,10,5,0,8.7,12.7
20.07.13,1374258600000.0,2013,07,30.6,24,18,31,35,32,0,21.8,44.3
21.07.13,1374345000000.0,2013,07,5.4,2,1,4,12,6,21,8.3,9
22.07.13,1374431400000.0,2013,07,1.6,0,1,0,2,4,0,1.6,2.3
23.07.13,1374517800000.0,2013,07,4.2,4,6,8,0,0,0,0.6,0.4
24.07.13,1374604200000.0,2013,07,5.6,5,5,9,11,5,0,14.1,2.6
29.07.13,1375036200000.0,2013,07,0,0,4,0,9,6,0,8.5,2
04.08.13,1365359400000.0,2013,04,12.4,1,1,2,3,7,0,11.5,9
05.08.13,1367951400000.0,2013,05,3.6,14,25,18,3,0,0,12.4,5.1
06.08.13,1370629800000.0,2013,06,1,4,0,0,0,0,0,0,1.2
08.08.13,1375900200000.0,2013,08,1.6,2,1.6,1,0,0,0,1.8,1.9
09.08.13,1378578600000.0,2013,09,1.4,0,0,0,0,0,9,0.1,0
10.08.13,1381170600000.0,2013,10,6.6,0,0,6,5,0,23,1,6.9
11.08.13,1383849000000.0,2013,11,0,3,10,0,0,0,0,0.6,0.8
12.08.13,1386441000000.0,2013,12,5.6,3,14,9,0,0,0,0,5.2
14.08.13,1376418600000.0,2013,08,5.4,14,18,7,5,0,3,21.4,5.6
15.08.13,1376505000000.0,2013,08,41.6,18,30,38,75,56,4,58.1,46.3
16.08.13,1376591400000.0,2013,08,13.2,2,3,23,30,26,3,0.3,1.7
17.08.13,1376677800000.0,2013,08,34.8,18,22,23,40,32,21,31.8,36
18.08.13,1376764200000.0,2013,08,1.6,4,5,3,2,0,0,4.8,Tr
21.08.13,1377023400000.0,2013,08,1.8,2,0,0,0,0,15,2.1,5
22.08.13,1377109800000.0,2013,08,3.2,0,2,0,12,6,0,6.2,11.2
24.08.13,1377282600000.0,2013,08,0,0,2,0,0,0,2,0.6,0.5
25.08.13,1377369000000.0,2013,08,0,0,0,0,0,0,5,0,0
26.08.13,1377455400000.0,2013,08,0,0,0,0,0,0,24,0,0
29.08.13,1377714600000.0,2013,08,0,0,0,0,0,0,7,0,0.1
30.08.13,1377801000000.0,2013,08,65.6,36,58,4,0,16,0,42.4,30.6
31.08.13,1377887400000.0,2013,08,0,0,0,17,0,0,15,0,0
03.09.13,1362767400000.0,2013,03,2.4,0,0,0,5,10,0,0,0
04.09.13,1365445800000.0,2013,04,76.6,8,29,34,146,26,0,44.4,16.7
06.09.13,1370716200000.0,2013,06,0,6,0,0,0,0,46,0,0
07.09.13,1373308200000.0,2013,07,0,0,0,0,0,0,29,0,1.8
08.09.13,1375986600000.0,2013,08,0,0,0,0,0,0,20,0.2,0.2
09.09.13,1378665000000.0,2013,09,1.4,36,17,3,31,0,0,14.4,16.9
10.09.13,1381257000000.0,2013,10,0,8,2,0,1,0,4,0.2,1.6
11.09.13,1383935400000.0,2013,11,73.6,49,16.4,123,91,75,0,88.2,83.9
12.09.13,1386527400000.0,2013,12,14.4,8,11.4,11,15,15,40,2.2,17.4
13.09.13,1379010600000.0,2013,09,58.6,65,36.2,35,7,26,0,5.2,2.7
14.09.13,1379097000000.0,2013,09,8.4,16,4.2,55,11,0,0,35,12
16.09.13,1379269800000.0,2013,09,0,26,25,0,0,0,0,0,0
18.09.13,1379442600000.0,2013,09,0,0,0,0,0,0,6,0,2.3
19.09.13,1379529000000.0,2013,09,33.6,28,19,59,8,8,0,28.4,9.6
20.09.13,1379615400000.0,2013,09,0,0,2,0,0,0,0,0.5,0
22.09.13,1379788200000.0,2013,09,6.8,0,1,0,0,0,4,16.1,2
23.09.13,1379874600000.0,2013,09,0,1,3,0,0,0,0,0,0
25.09.13,1380047400000.0,2013,09,0,1,0,0,0,0,0,0.1,0
27.09.13,1380220200000.0,2013,09,0,0,0,0,0,0,0,2.2,1.9
28.09.13,1380306600000.0,2013,09,31.4,0,0,0,0,0,0,2.7,0.2
29.09.13,1380393000000.0,2013,09,0,0,0,0,0,0,0,0.3,10
01.10.13,1357756200000.0,2013,01,5.6,0,3,0,10,15,0,1.9,12
02.10.13,1360434600000.0,2013,02,0,2,10,0,0,0,0,6,0
04.10.13,1365532200000.0,2013,04,10,23,27,47,17,37,0,4.7,25
08.10.13,1376073000000.0,2013,08,0,0,0,0,0,0,7,0,0
09.10.13,1378751400000.0,2013,09,0,0,0,2,0,0,0,0,0
10.10.13,1381343400000.0,2013,10,17.8,2,1,78,10,27,107,7.9,24.4
11.10.13,1384021800000.0,2013,11,14.8,7,12,0,4,7,1.5,6.6,0.4
14.10.13,1381689000000.0,2013,10,0,0,0,0,2,0,0,0,1.7
15.10.13,1381775400000.0,2013,10,0,18,1.4,0,0,0,20,0.2,0
16.10.13,1381861800000.0,2013,10,0,0,0,0,0,0,17.5,0.2,2.9
18.10.13,1382034600000.0,2013,10,4,0,0,0,5,5,0,1.1,2.6
19.10.13,1382121000000.0,2013,10,0,0,0,0,0,0,4,1,0
20.10.13,1382207400000.0,2013,10,9.8,12,21,13,18,56,0,12,23.2
21.10.13,1382293800000.0,2013,10,16,68,65,44,45,66,17,80.8,71.1
22.10.13,1382380200000.0,2013,10,17.6,26,36,27,25,0,0,15.8,25.9
23.10.13,1382466600000.0,2013,10,0,6,10,9,4,12,0,2.5,9.4
24.10.13,1382553000000.0,2013,10,1,3,1,0,0,0,0,2.6,2.3
25.10.13,1382639400000.0,2013,10,1,0,0,0,0,0,0,1.1,1
26.10.13,1382725800000.0,2013,10,68.6,64,43,49,10,23,0,10.4,1.8
27.10.13,1382812200000.0,2013,10,1,12,0,14,0,0,0,1,0
28.10.13,1382898600000.0,2013,10,0,0,0,0,0,0,0,0,19.3
29.10.13,1382985000000.0,2013,10,2,0,4.4,5,0,0,0,1.4,0
31.10.13,1383157800000.0,2013,10,0,0,0,0,0,0,0,0,0.6
01.11.13,1357842600000.0,2013,01,0,13,7,0,0,0,0,3.3,0.4
02.11.13,1360521000000.0,2013,02,0,1,2,0,0,0,0,2,2.7
03.11.13,1362940200000.0,2013,03,6.8,23,22,1,5,12,6,23.5,10.6
04.11.13,1365618600000.0,2013,04,7.4,8,17,33,12,0,0,11.5,18
05.11.13,1368210600000.0,2013,05,0,0,0,0,2,0,64,0,0
06.11.13,1370889000000.0,2013,06,0,0,0,0,0,0,50,0,0.8
07.11.13,1373481000000.0,2013,07,0,0,0,0,0,0,63,0,0
11.11.13,1384108200000.0,2013,11,0,0,0,11,0,0,0,0,0
16.11.13,1384540200000.0,2013,11,2.6,3,2,0,2,0,23,10.7,10.4
17.11.13,1384626600000.0,2013,11,93,14.4,16.4,35.2,125,120,83,80.4,123.9
18.11.13,1384713000000.0,2013,11,10.8,13,19,15,51,16,0,42.8,6.3
19.11.13,1384799400000.0,2013,11,0,0,0,0,1,0,13,0.4,3
23.11.13,1385145000000.0,2013,11,13,0,0,0,0,0,0,1.4,0.4
24.11.13,1385231400000.0,2013,11,0,5,3,0,2,3,5,12.5,4.2
25.11.13,1385317800000.0,2013,11,54,0,0,26,0,0,24,5.2,1.1
26.11.13,1385404200000.0,2013,11,0,2,1,0,0,0,0,0,0
01.12.13,1357929000000.0,2013,01,1.4,2,4,0,2,0,8,0.7,6.8
02.12.13,1360607400000.0,2013,02,6.2,18.6,18,7,5,6,21,2.7,3.7
03.12.13,1363026600000.0,2013,03,0,0,0,0,30,7,90,52.5,55.8
05.12.13,1368297000000.0,2013,05,0,0,0,0,0,0,23,0,0
08.12.13,1376245800000.0,2013,08,0,3,8,2,3,0,0,15.6,10.5
12.12.13,1386786600000.0,2013,12,5,2,2.6,1,0,0,0,3.2,2.6
13.12.13,1386873000000.0,2013,12,6,2,3,11,11,6,25,9.4,0.1
14.12.13,1386959400000.0,2013,12,1,0,0,0,2,0,4,1,0.8
23.12.13,1387737000000.0,2013,12,0,0,0,0,0,0,0,0.8,0.7
10.01.2018,1538332200000.0,2018,10,,,,,,,9,Tr,0.1
11.01.2018,1541010600000.0,2018,11,,,,,,,62,1.7,7.5
12.01.2018,1543602600000.0,2018,12,,,,,,,3,,
08.02.2018,1533148200000.0,2018,08,2.4,,,,13,,,1.0,1.4
17.03.2018,1521225000000.0,2018,03,5,1,8,0,0,0,0,0.8,0
18.03.2018,1521311400000.0,2018,03,2,0,0,0,2,0,2,0,0.6
02.05.2018,1517769000000.0,2018,02,4,,,,,,,,
03.06.2018,1520274600000.0,2018,03,3,,,4,,,,,
04.06.2018,1522953000000.0,2018,04,,,1,42,,,,,
07.06.2018,1530815400000.0,2018,07,2,15,21,5,45,23,0,35.3,29.7
15.06.2018,1529001000000.0,2018,06,2,,,,,,,,
16.06.2018,1529087400000.0,2018,06,4,4,7,4,4,2,0,15.4,22.8
01.01.12,1325356200000.0,2012,01,0,0,0,0,3,0,,,
02.01.12,1328034600000.0,2012,02,7.4,2,4,6,10,14,,,
03.01.12,1330540200000.0,2012,03,0,0,7,3,0,0,,,
12.01.12,1354300200000.0,2012,12,0,2,1,0,0,0,,,
31.01.12,1327948200000.0,2012,01,3.2,0,4,1,20,0,,,
13.03.12,1331577000000.0,2012,03,0.6,0,0,0,0,0,,,
30.04.12,1335724200000.0,2012,04,10.4,0,0,0,0,0,,,
01.05.12,1325701800000.0,2012,01,3.2,0,0,0,0,3,,,
04.05.12,1333564200000.0,2012,04,3.8,0,0,0,0,0,,,
05.05.12,1336156200000.0,2012,05,0,0,3,0,0,0,,,
13.05.12,1336847400000.0,2012,05,3.4,0,0,0,0,0,,,
18.05.12,1337279400000.0,2012,05,20,0,0,21,3.5,0,,,
14.06.12,1339612200000.0,2012,06,4,0,0,0,0,0,,,
20.06.12,1340130600000.0,2012,06,0,0,1.4,0,0,0,,,
22.06.12,1340303400000.0,2012,06,0,0,0,0,3,0,,,
27.06.12,1340735400000.0,2012,06,0,22,19,22,0,0,,,
28.06.12,1340821800000.0,2012,06,15,0,0,8,3.5,5,,,
29.06.12,1340908200000.0,2012,06,0,19,15,3,0,0,,,
30.06.12,1340994600000.0,2012,06,0,0,0,0,2.5,0,,,
01.07.12,1325874600000.0,2012,01,9.6,6,13,8,11,11,,,
06.07.12,1339007400000.0,2012,06,0,0,0,0,1.5,0,,,
07.07.12,1341599400000.0,2012,07,0,0,3.6,6,0,0,,,
11.07.12,1352226600000.0,2012,11,69.6,7,0,11,0,0,,,
12.07.12,1354818600000.0,2012,12,19.6,30,9,5,12.5,0,,,
14.07.12,1342204200000.0,2012,07,7.4,0,16.2,0,27,0,,,
15.07.12,1342290600000.0,2012,07,54.6,12,9.4,35,2,0,,,
16.07.12,1342377000000.0,2012,07,10.4,0,1.2,14,0.5,7,,,
17.07.12,1342463400000.0,2012,07,0,9,19,0,0,0,,,
18.07.12,1342549800000.0,2012,07,8.4,4,14.2,5,18.5,26,,,
22.07.12,1342895400000.0,2012,07,1,0,0,0,0,0,,,
25.07.12,1343154600000.0,2012,07,0.8,0,0,3,0,0,,,
26.07.12,1343241000000.0,2012,07,7,0,4.6,16,1,0,,,
27.07.12,1343327400000.0,2012,07,0,0,2,0,0,0,,,
28.07.12,1343413800000.0,2012,07,0.6,6,3.4,2,1.5,0,,,
04.08.12,1333823400000.0,2012,04,5.2,2,1.5,5,1.5,5,,,
05.08.12,1336415400000.0,2012,05,0.6,0,1.4,0,3,7,,,
06.08.12,1339093800000.0,2012,06,0,0,5,8,0,0,,,
07.08.12,1341685800000.0,2012,07,0,0,0,0,0,4,,,
08.08.12,1344364200000.0,2012,08,1.4,0,0,0,4,0,,,
09.08.12,1347042600000.0,2012,09,20.6,0,9,13,2,9,,,
10.08.12,1349634600000.0,2012,10,4.4,4,2.4,7,7,25,,,
14.08.12,1344882600000.0,2012,08,3.6,4,0,6,27,28,,,
15.08.12,1344969000000.0,2012,08,6,5,6.8,18,8,28,,,
16.08.12,1345055400000.0,2012,08,6,0,1,0,1,0,,,
17.08.12,1345141800000.0,2012,08,12.2,0,0,26,0,0,,,
18.08.12,1345228200000.0,2012,08,0,2,11,3,11,13,,,
20.08.12,1345401000000.0,2012,08,0,0,2,0,0,3,,,
26.08.12,1345919400000.0,2012,08,14.6,8,22.4,38,18.5,40,,,
29.08.12,1346178600000.0,2012,08,10.4,0,0,0,5,10,,,
30.08.12,1346265000000.0,2012,08,1.6,0,1.4,2,0,0,,,
31.08.12,1346351400000.0,2012,08,7.2,0,0,0,0,0,,,
02.09.12,1328725800000.0,2012,02,1.6,0,1,0,0,0,,,
03.09.12,1331231400000.0,2012,03,35.2,35,42.6,25,20.5,33,,,
07.09.12,1341772200000.0,2012,07,0,0,1,0,4.5,6,,,
08.09.12,1344450600000.0,2012,08,29.6,30,55,38,22,15,,,
09.09.12,1347129000000.0,2012,09,2.8,2,3.4,3,2.5,0,,,
11.09.12,1352399400000.0,2012,11,7.6,0,0,4,22.5,9,,,
12.09.12,1354991400000.0,2012,12,0,0,0,8,0,0,,,
13.09.12,1347474600000.0,2012,09,8.8,8,1.6,3,7,0,,,
14.09.12,1347561000000.0,2012,09,34.6,6,15,19,12,48,,,
15.09.12,1347647400000.0,2012,09,15.8,8,9.4,14,26.5,10,,,
16.09.12,1347733800000.0,2012,09,0,0,0,2,3,6,,,
18.09.12,1347906600000.0,2012,09,0,0,1,0,0,0,,,
20.09.12,1348079400000.0,2012,09,0,0,0,2,0,0,,,
21.09.12,1348165800000.0,2012,09,24.2,2,4,5,23.3,45,,,
27.09.12,1348684200000.0,2012,09,2.4,28,22,11,0,0,,,
29.09.12,1348857000000.0,2012,09,1.4,0,0,0,0,0,,,
01.10.12,1326133800000.0,2012,01,2,0,0,0,3,10,,,
02.10.12,1328812200000.0,2012,02,0,2,1,0,0,0,,,
07.10.12,1341858600000.0,2012,07,20.6,6,7.4,13,12.5,7,,,
15.10.12,1350239400000.0,2012,10,32.4,0,0,25,0,0,,,
16.10.12,1350325800000.0,2012,10,0,0,1.4,0,3,0,,,
17.10.12,1350412200000.0,2012,10,0,0,0,12,9,0,,,
18.10.12,1350498600000.0,2012,10,12.6,6,12.6,13,11,15,,,
19.10.12,1350585000000.0,2012,10,44,58,26,51,36.5,15,,,
20.10.12,1350671400000.0,2012,10,73,80,92.4,95,45.5,50,,,
21.10.12,1350757800000.0,2012,10,35.6,98,95,41,25,28,,,
22.10.12,1350844200000.0,2012,10,12,28,30,25,27,26,,,
23.10.12,1350930600000.0,2012,10,3,7,0,11,5,5,,,
24.10.12,1351017000000.0,2012,10,1.6,8,2.2,9,12,7,,,
25.10.12,1351103400000.0,2012,10,1.4,0,1.4,0,3,0,,,
29.10.12,1351449000000.0,2012,10,0,0,1,0,0,7,,,
30.10.12,1351535400000.0,2012,10,0,0,0,3,0,0,,,
31.10.12,1351621800000.0,2012,10,38.2,66,55,36,71,50,,,
01.11.12,1326220200000.0,2012,01,31,10,26,31,19,26,,,
02.11.12,1328898600000.0,2012,02,0,0,0,0,0,7,,,
03.11.12,1331404200000.0,2012,03,37,60,46,55,20,16,,,
04.11.12,1334082600000.0,2012,04,28,50,8,57,3,65,,,
22.11.12,1353522600000.0,2012,11,2.2,0,1.2,0,0,0,,,
23.11.12,1353609000000.0,2012,11,3.6,2,4,12,3,3,,,
24.11.12,1353695400000.0,2012,11,1.6,0,0,0,0,0,,,
25.11.12,1353781800000.0,2012,11,0,0,1,0,0,0,,,
26.11.12,1353868200000.0,2012,11,0,0,0,0,0,7,,,
03.12.12,1331490600000.0,2012,03,10.6,9,14,13,3,30,,,
04.12.12,1334169000000.0,2012,04,110.6,90,84,108,93,58,,,
05.12.12,1336761000000.0,2012,05,38.2,4,4,45,7,32,,,
06.12.12,1339439400000.0,2012,06,0,3,0,0,0,0,,,
29.12.12,1356719400000.0,2012,12,1.6,6,2,9,13,0,,,
30.12.12,1356805800000.0,2012,12,39.6,53,49,51,42.5,48,,,
31.12.12,1356892200000.0,2012,12,2.4,0,1,2,0,0,,,
02.01.15,1422729000000.0,2015,02,0,0,0,0,0,0,0,2,0.4
03.01.15,1425148200000.0,2015,03,0,0,4.2,0,0,0,0,0,0
24.01.15,1422037800000.0,2015,01,0,0,0,0,0,0,5.0,0,0
25.01.15,1422124200000.0,2015,01,0,0,0,0,0,0,0,0.8,2.6
04.03.15,1427999400000.0,2015,04,1.6,0,0,0,0,0,0,0,0
13.04.15,1428863400000.0,2015,04,2.4,0,0,2,0,0,4,0.2,0.4
14.04.15,1428949800000.0,2015,04,50.4,3,1,17.2,0,0,1,0.2,0.7
15.04.15,1429036200000.0,2015,04,0,7,2,0,0,0,0,0.9,3.2
16.04.15,1429122600000.0,2015,04,4,0,0,4,35,2,0,2.6,103.2
18.04.15,1429295400000.0,2015,04,0,0,0,0,0,0,16,0,0
25.04.15,1429900200000.0,2015,04,45.4,16,29,4,32,32,210,8.4,6
27.04.15,1430073000000.0,2015,04,0,0,3,0,0,0,3,0,0
28.04.15,1430159400000.0,2015,04,0,0,0,0,0,0,8,0,0
03.05.15,1425493800000.0,2015,03,25,3,4,30.8,0,2,0,0,0
05.05.15,1430764200000.0,2015,05,0,0,0,0,0,0,6,0,0
08.05.15,1438713000000.0,2015,08,0,0,0,0,0,0,20,0,0
13.05.15,1431455400000.0,2015,05,0,0,3.6,0,0,0,22,0.1,0.1
14.05.15,1431541800000.0,2015,05,0,0,3,0,5,0,5,3.9,8.1
15.05.15,1431628200000.0,2015,05,10,0,3,0,2,7,18,3.9,12
16.05.15,1431714600000.0,2015,05,3,0,0,13,0,36,1.5,0,4.6
17.05.15,1431801000000.0,2015,05,2,12,4,10,0,5,10.5,tr,4.8
18.05.15,1431887400000.0,2015,05,1,0,0,0,2,47,0,0,0
28.05.15,1432751400000.0,2015,05,0,0,0,0,0,0,47,0,tr
02.06.15,1423161000000.0,2015,02,2,0,0,0,0,0,0,0.9,0.5
03.06.15,1425580200000.0,2015,03,12,0,0,0,0,0,0,1.2,0.6
06.06.15,1433529000000.0,2015,06,6,0,0,0,0,0,45,0,0
07.06.15,1436121000000.0,2015,07,0,0,8.4,1,0,0,0,0,0
10.06.15,1444069800000.0,2015,10,26,18,8.2,5,3,38,3,2,1
11.06.15,1446748200000.0,2015,11,0,0,0,0,0,0,32,0,0
12.06.15,1449340200000.0,2015,12,0,0,0,0,2,12,0,6,23.2
15.06.15,1434306600000.0,2015,06,0,4,12,0,2,6,0,0,4.2
17.06.15,1434479400000.0,2015,06,3,10,6.6,19.4,3,0,11,3.8,4.8
18.06.15,1434565800000.0,2015,06,0,0,0,0,2,0,0,0.2,0.1
19.06.15,1434652200000.0,2015,06,1,2,2,2,2,0,12.5,1.2,1
20.06.15,1434738600000.0,2015,06,0,2,0,0,0,0,0,0.4,0.1
21.06.15,1434825000000.0,2015,06,12,8,4.2,12,0,0,0,1.9,0
22.06.15,1434911400000.0,2015,06,0,5,2.2,0,0,0,0,0,0
24.06.15,1435084200000.0,2015,06,0,0,0,0,0,0,0,1.2,0.8
26.06.15,1435257000000.0,2015,06,0,0,0,0,0,0,0,0,0.5
28.06.15,1435429800000.0,2015,06,4.4,0,3,4,3,0,0,1.5,14
29.06.15,1435516200000.0,2015,06,4,0,0,0,0,0,0,0,0.8
30.06.15,1435602600000.0,2015,06,5,0,0,3,0,0,0,0,0
01.07.15,1420569000000.0,2015,01,0,0,5,0,0,0,0,1.8,1.7
02.07.15,1423247400000.0,2015,02,0,0,1,0,0,0,0,0,0
03.07.15,1425666600000.0,2015,03,3,0,0,0,0,0,0,3.5,2.4
04.07.15,1428345000000.0,2015,04,0,0,0,0,0,0,13,0,0
09.07.15,1441564200000.0,2015,09,0,0,0,4,0,0,0,0,0
10.07.15,1444156200000.0,2015,10,0,0,0,2,0,0,0,3.7,3.3
11.07.15,1446834600000.0,2015,11,8,12,7,17,15,33,0,27.1,7.9
12.07.15,1449426600000.0,2015,12,0,0,0,0,0,0,0,0.5,0.1
13.07.15,1436725800000.0,2015,07,0,0,0,0,0,0,0,0,0
14.07.15,1436812200000.0,2015,07,0,0,0,0,0,0,0,0.6,2.4
15.07.15,1436898600000.0,2015,07,5.4,0,0,7,0,0,0,0.1,tr
16.07.15,1436985000000.0,2015,07,0,5,4,3,0,0,0,0.4,tr
17.07.15,1437071400000.0,2015,07,0,0,0,0,0,0,11,0,0
18.07.15,1437157800000.0,2015,07,0,0,0,0,18,0,0,28.2,14.4
19.07.15,1437244200000.0,2015,07,8,6,7,11,45,9,4,13.3,31.5
20.07.15,1437330600000.0,2015,07,1.4,3,1,2,0,10,0,18.6,0.2
21.07.15,1437417000000.0,2015,07,0,0,0.6,0,0,0,0,tr,3
22.07.15,1437503400000.0,2015,07,0,0,1,2,0,0,24,tr,4.4
23.07.15,1437589800000.0,2015,07,21,29,41,21.4,33,54,0,30.7,24.7
24.07.15,1437676200000.0,2015,07,31,44,4.2,5.6,2,37,9,14,17.4
25.07.15,1437762600000.0,2015,07,15,31,35,13.6,0,28,0,0,0
26.07.15,1437849000000.0,2015,07,2,0,5,0,2,16,0,2,tr
27.07.15,1437935400000.0,2015,07,23,11,17,9,17,23,33,37.5,6.3
28.07.15,1438021800000.0,2015,07,10,26,27,12,0,12,50,22.8,1.2
29.07.15,1438108200000.0,2015,07,0,13,22,7,12,0,13,1.1,13.8
30.07.15,1438194600000.0,2015,07,0,4,0,0,0,0,0,0,0
01.08.15,1420655400000.0,2015,01,0,4,1,6,45,9,0,7.6,56.4
02.08.15,1423333800000.0,2015,02,5,3,1,2,1,12,12,2.8,9.0
03.08.15,1425753000000.0,2015,03,2,3,10.2,5.6,0,0,0,1.2,0.4
04.08.15,1428431400000.0,2015,04,4,2,1.6,2,0,0,0,0,tr
05.08.15,1431023400000.0,2015,05,51,31,59,76,88,48,0,30.8,61
06.08.15,1433701800000.0,2015,06,0,0,0,0,2,0,0,6.2,1.3
07.08.15,1436293800000.0,2015,07,0,0,0,0,0,0,23,0,0.4
08.08.15,1438972200000.0,2015,08,0,0,0,0,0,0,0,tr,5.6
09.08.15,1441650600000.0,2015,09,0,0,0,0,0,0,0,0,1.9
10.08.15,1444242600000.0,2015,10,0,0,0,0,0,0,14,0,tr
11.08.15,1446921000000.0,2015,11,9,0,0,0,0,0,0,0.3,1.3
12.08.15,1449513000000.0,2015,12,0,0,0,0,0,0,0,1.5,0.1
15.08.15,1439577000000.0,2015,08,0,0,0,0,0,0,42,0,0
16.08.15,1439663400000.0,2015,08,0,0,0,0,0,0,0,0.5,5.0
17.08.15,1439749800000.0,2015,08,0,0,0,0,0,6,0,0.9,tr
21.08.15,1440095400000.0,2015,08,30,17,29.6,40,2,37,0,14.6,23.1
22.08.15,1440181800000.0,2015,08,16.6,37,36,57.4,2,13,0,5.3,4.7
23.08.15,1440268200000.0,2015,08,20,35,24,14,5,32,52,3.4,0.9
24.08.15,1440354600000.0,2015,08,0,24,16.8,0,0,0,0,0,0
25.08.15,1440441000000.0,2015,08,0,0,0,0,0,0,3,0,0
27.08.15,1440613800000.0,2015,08,1.6,2,1,4,0,0,0,0.9,0.9
28.08.15,1440700200000.0,2015,08,0,0,0,0,0,0,13,1.5,0.4
30.08.15,1440873000000.0,2015,08,0,0,1.6,0,0,0,0,0,1.7
31.08.15,1440959400000.0,2015,08,7,12,20,9,35,65,0,29,1
02.09.15,1423420200000.0,2015,02,0,0,0,0,0,0,21,0,0
03.09.15,1425839400000.0,2015,03,8.4,0,1.6,0,0,13,0,0,tr
06.09.15,1433788200000.0,2015,06,0,0,6.2,0,0,0,0,0,0
07.09.15,1436380200000.0,2015,07,1,2,1,3,0,0,0,0,0
08.09.15,1439058600000.0,2015,08,1.6,0,0,0,2,0,0,0,0.4
10.09.15,1444329000000.0,2015,10,0,0,0,0,80,0,0,47.5,35.2
11.09.15,1447007400000.0,2015,11,0,2,1,4,0,0,0,0.8,0.2
12.09.15,1449599400000.0,2015,12,0,0,0,0,0,0,0,0,0.5
13.09.15,1442082600000.0,2015,09,0,0,0,0,0,0,8,0,0
14.09.15,1442169000000.0,2015,09,0,0,0,0,0,0,0,0,0.1
16.09.15,1442341800000.0,2015,09,10,3,5.4,5,0,0,0,0,0
18.09.15,1442514600000.0,2015,09,0,0,0,0,0,0,0,0.2,4.9
19.09.15,1442601000000.0,2015,09,6.6,14,13,32,0,0,0,4.3,0.9
21.09.15,1442773800000.0,2015,09,36,11,9.2,8,8,23,60,22.2,23.2
26.09.15,1443205800000.0,2015,09,0,61,22,44,0,0,0,tr,0
29.09.15,1443465000000.0,2015,09,49,0,0,8,0,0,0,0,1
30.09.15,1443551400000.0,2015,09,0,0,0,0,4,17,0,tr,0.1
01.10.15,1420828200000.0,2015,01,5.4,0,0,0,0,0,0,0,1.5
02.10.15,1423506600000.0,2015,02,0,0,0,24,0,0,0,tr,0.4
03.10.15,1425925800000.0,2015,03,45,37,30,48,22,38,0,27.4,26.7
04.10.15,1428604200000.0,2015,04,2.8,0,2.6,0,5,0,0,0.2,0
05.10.15,1431196200000.0,2015,05,1.2,0,0,0,15,0,2,0.4,15.9
06.10.15,1433874600000.0,2015,06,0,0,0,12,0,0,2,9.3,0
07.10.15,1436466600000.0,2015,07,2.8,7,1.8,0,0,0,0,0,0
08.10.15,1439145000000.0,2015,08,46,14,15,29,40,37,0,8.2,17.5
09.10.15,1441823400000.0,2015,09,24,13,15.2,9.8,0,11,0,5.6,tr
10.10.15,1444415400000.0,2015,10,27,12,20.8,9,0,7,0,19.5,1
11.10.15,1447093800000.0,2015,11,53,17,15,5.4,26,5,0,13.4,20.5
16.10.15,1444933800000.0,2015,10,0,0,0,0,2,0,0,0,0
19.10.15,1445193000000.0,2015,10,0,0,0,0,0,0,25,tr,2.9
20.10.15,1445279400000.0,2015,10,0,0,0,0,1,0,0,0,0
24.10.15,1445625000000.0,2015,10,0,0,0,0,4,0,0,22.5,6.5
26.10.15,1445797800000.0,2015,10,0,0,0,11,0,0,0,1.6,tr
27.10.15,1445884200000.0,2015,10,0,3,12,0,0,0,0,5.2,0.4
28.10.15,1445970600000.0,2015,10,0,4,4,0,50,12,10,0.5,14.4
29.10.15,1446057000000.0,2015,10,7,28,25,4.8,10,9,6.8,16.4,14.2
28.10.15,1445970600000.0,2015,10,8.4,4,12,9,3,0,0,24.4,13.1
29.10.15,1446057000000.0,2015,10,7,28,25,4.8,10,9,6.8,16.4,14.2
30.10.15,1446143400000.0,2015,10,8.4,4,12,9,3,0,0,24.4,13.1
31.10.15,1446229800000.0,2015,10,4.6,7,8,31,41,7,0,5.3,24.2
01.11.15,1420914600000.0,2015,01,0,4,8,0,27,0,31.5,51.8,10.2
02.11.15,1423593000000.0,2015,02,17,32,24,6,22,15,24,27.5,55.7
03.11.15,1426012200000.0,2015,03,0,0,2,0,2,0,2,0,0
04.11.15,1428690600000.0,2015,04,75,31,24,92,5,38,0,0.6,0.2
05.11.15,1431282600000.0,2015,05,0,0,2,0,0,0,8.0,0.1,3.6
06.11.15,1433961000000.0,2015,06,0,0,1.6,0,0,0,0,5.9,0.7
07.11.15,1436553000000.0,2015,07,2.2,0,0,0,0,0,22,tr,6.5
08.11.15,1439231400000.0,2015,08,10.6,26,20,6,34,16,29,14.8,43.4
09.11.15,1441909800000.0,2015,09,69,159,189,111,188,165,87,136.7,166.8
10.11.15,1444501800000.0,2015,10,67,82,95,79,92,65,131,66.1,47.4
11.11.15,1447180200000.0,2015,11,10,5,6,17,5,8,0,5.8,26.1
12.11.15,1449772200000.0,2015,12,31,22,23,46,44,38,0,61,74.4
13.11.15,1447353000000.0,2015,11,92,147,210,130,75,118,0,149.8,117.6
14.11.15,1447439400000.0,2015,11,3,2,8.6,2,26,38,0,9,10.2
15.11.15,1447525800000.0,2015,11,0,0,0,0,3,0,55,12.8,13.2
16.11.15,1447612200000.0,2015,11,190,277,282,307,282,223,58.5,246.5,265.5
17.11.15,1447698600000.0,2015,11,29,18,17,38,25,55,28,14.6,41.5
19.11.15,1447871400000.0,2015,11,13,0,0,3,3,24,0,7,3.3
20.11.15,1447957800000.0,2015,11,103,22,14,52,55,101,3,27.9,36.8
21.11.15,1448044200000.0,2015,11,16,33,38,22,15,21,14,34.1,17.5
22.11.15,1448130600000.0,2015,11,9.8,45,38,32,22,8,4,23,13.3
23.11.15,1448217000000.0,2015,11,65,50,45,39,44,73,117,37,52.1
24.11.15,1448303400000.0,2015,11,53,15,17,28,109,126,0,93,139.1
26.11.15,1448476200000.0,2015,11,0,0,0,0,0,0,0,tr,0.3
27.11.15,1448562600000.0,2015,11,0,0,0,0,0,0,5,0,0
29.11.15,1448735400000.0,2015,11,0.1,7,4,8,3,0,0,0.8,5.8
30.11.15,1448821800000.0,2015,11,12,30,44,24,17,12,34,23.5,27.1
01.12.15,1421001000000.0,2015,01,74.6,36,27,69,17,5,46.1,39.6,64.1
02.12.15,1423679400000.0,2015,02,189.4,293,320,281,475,336,40,294.1,345.1
03.12.15,1426098600000.0,2015,03,9.2,24,23.4,17,35,-,33,16,27.7
04.12.15,1428777000000.0,2015,04,7.8,18,13,0,12,16,30,5,12.6
05.12.15,1431369000000.0,2015,05,1.2,2,2,0,40,6,65,45.9,35.1
05.12.15,1431369000000.0,2015,05,2.8,10,11.2,4,14,13,33.8,21.2,21
06.12.15,1434047400000.0,2015,06,0,0,0,0,0,0,0,0,0
07.12.15,1436639400000.0,2015,07,52,75,55,61,38,48,12.6,24.6,26.2
08.12.15,1439317800000.0,2015,08,0,0,0,0,0,0,11.6,0,0
09.12.15,1441996200000.0,2015,09,0,0,5,0,2,0,21.4,6.6,6.6
10.12.15,1444588200000.0,2015,10,0,0,3,0,4,0,12,1.7,3.5
27.12.15,1451154600000.0,2015,12,0.4,2,1,0,0,0,0,0,0
31.12.15,1451500200000.0,2015,12,0,0,0,0,0,0,0,0,0
08.01.09,1249065000000.0,2009,08,2,2,15,3,16,57,,,
14.01.09,1231871400000.0,2009,01,0,5,0,0,0,0,,,
11.03.09,1257186600000.0,2009,11,0,2,2,0,0,2,,,
05.05.09,1241461800000.0,2009,05,0,0,0,0,1,0,,,
16.05.09,1242412200000.0,2009,05,0,40,15,0,2,26,,,
19.05.09,1242671400000.0,2009,05,0,5,0,0,0,0,,,
21.05.09,1242844200000.0,2009,05,11,0,0,0,0,0,,,
24.05.09,1243103400000.0,2009,05,0,4,2,0,1,5,,,
28.05.09,1243449000000.0,2009,05,1,0,0,0,0,0,,,
30.05.09,1243621800000.0,2009,05,1,0,0,0,0,0,,,
31.05.09,1243708200000.0,2009,05,2,0,0,0,0,0,,,
01.06.09,1231180200000.0,2009,01,5,0,0,0,0,0,,,
05.06.09,1241548200000.0,2009,05,9,0,0,0,0,0,,,
11.06.09,1257445800000.0,2009,11,1,0,0,0,0,0,,,
14.06.09,1244917800000.0,2009,06,2,0,0,0,0,0,,,
16.06.09,1245090600000.0,2009,06,0,0,0,0,3,0,,,
18.06.09,1245263400000.0,2009,06,5,0,0,0,0,0,,,
21.06.09,1245522600000.0,2009,06,5,32,36,59,3,1,,,
23.06.09,1245695400000.0,2009,06,0,2,0,0,0,3,,,
26.06.09,1245954600000.0,2009,06,0,0,0,0,2,0,,,
28.06.09,1246127400000.0,2009,06,3,0,0,7,13,0,,,
29.06.09,1246213800000.0,2009,06,0,0,0,0,1,0,,,
03.07.09,1236364200000.0,2009,03,2,0,0,5,4,2,,,
05.07.09,1241634600000.0,2009,05,6,7,10,4,3,0,,,
10.07.09,1254853800000.0,2009,10,2,0,0,0,0,0,,,
16.07.09,1247682600000.0,2009,07,1,5,4,1,0,0,,,
19.07.09,1247941800000.0,2009,07,1,0,0,0,0,0,,,
20.07.09,1248028200000.0,2009,07,3,0,0,0,5,5,,,
28.07.09,1248719400000.0,2009,07,11,3,4,15,21,3,,,
29.07.09,1248805800000.0,2009,07,18.6,3,5,7,8,46,,,
30.07.09,1248892200000.0,2009,07,2,0,2,2,2,18,,,
31.07.09,1248978600000.0,2009,07,46,5,2,11,30,16,,,
01.08.09,1231353000000.0,2009,01,0.4,2,0,0,10,9,,,
02.08.09,1234031400000.0,2009,02,0,0,0,0,5,0,,,
05.08.09,1241721000000.0,2009,05,0,2,5,16,26,5,,,
06.08.09,1244399400000.0,2009,06,2,0,0,0,0,0,,,
09.08.09,1252348200000.0,2009,09,0,0,0,0,5,0,,,
11.08.09,1257618600000.0,2009,11,14,28,11,29,0,0,,,
13.08.09,1250101800000.0,2009,08,1,0,0,0,0,0,,,
15.08.09,1250274600000.0,2009,08,145,41,89,65,65,47,,,
16.08.09,1250361000000.0,2009,08,0,0,0,5,0,0,,,
17.08.09,1250447400000.0,2009,08,9,0,0,11,0,17,,,
18.08.09,1250533800000.0,2009,08,11,20,19,11,15,9,,,
21.08.09,1250793000000.0,2009,08,5,0,0,0,0,0,,,
22.08.09,1250879400000.0,2009,08,0,0,0,2,0,0,,,
24.08.09,1251052200000.0,2009,08,0,2,0,0,0,0,,,
25.08.09,1251138600000.0,2009,08,0,3,8,0,2,0,,,
27.08.09,1251311400000.0,2009,08,0.2,3,2,2,20,12,,,
30.08.09,1251570600000.0,2009,08,4,0,0,0,0,0,,,
31.08.09,1251657000000.0,2009,08,10,0,2,0,15,33,,,
01.09.09,1231439400000.0,2009,01,18,20,21,3,30,23,,,
02.09.09,1234117800000.0,2009,02,0,0,4,2,6,0,,,
03.09.09,1236537000000.0,2009,03,0,2,0,0,2,0,,,
04.09.09,1239215400000.0,2009,04,2.4,3,4,0,12,3,,,
05.09.09,1241807400000.0,2009,05,2,0,1,0,0,0,,,
13.09.09,1252780200000.0,2009,09,0,2,0,0,0,0,,,
14.09.09,1252866600000.0,2009,09,17,0,0,0,0,0,,,
16.09.09,1253039400000.0,2009,09,0,0,0,23,0,0,,,
17.09.09,1253125800000.0,2009,09,1,0,0,0,24,0,,,
20.09.09,1253385000000.0,2009,09,0,13,60,0,1,3,,,
21.09.09,1253471400000.0,2009,09,25.4,0,0,0,0,7,,,
22.09.09,1253557800000.0,2009,09,0,2,5,5,3,0,,,
23.09.09,1253644200000.0,2009,09,0,2,0,0,0,0,,,
24.09.09,1253730600000.0,2009,09,19,27,7,19,3,17,,,
26.09.09,1253903400000.0,2009,09,0,56,22,14,1,0,,,
27.09.09,1253989800000.0,2009,09,0,0,2,21,0,0,,,
28.09.09,1254076200000.0,2009,09,9,25,39,6,7,3,,,
30.09.09,1254249000000.0,2009,09,1.4,2,3,8,5,0,,,
01.10.09,1231525800000.0,2009,01,1,2,0,4,0,0,,,
10.10.09,1255113000000.0,2009,10,57,16,0,0,0,23,,,
11.10.09,1257791400000.0,2009,11,0,0,4,0,0,0,,,
14.10.09,1255458600000.0,2009,10,0,0,0,0,15,0,,,
27.10.09,1256581800000.0,2009,10,0,5,4,0,1,0,,,
28.10.09,1256668200000.0,2009,10,0,8,27,4,6,0,,,
29.10.09,1256754600000.0,2009,10,5,37,53,40,41,7,,,
30.10.09,1256841000000.0,2009,10,17,4,18,2,12,19,,,
03.11.09,1236709800000.0,2009,03,9,4,5,20,41,22,,,
04.11.09,1239388200000.0,2009,04,30,4,3,9,10,0,,,
05.11.09,1241980200000.0,2009,05,30,70,49,11,125,74,,,
06.11.09,1244658600000.0,2009,06,15,8,11,35,80,9,,,
07.11.09,1247250600000.0,2009,07,71,110,145,71,140,90,,,
08.11.09,1249929000000.0,2009,08,37.6,76,106,64,151,67,,,
09.11.09,1252607400000.0,2009,09,54.6,50,66,67,98,62,,,
10.11.09,1255199400000.0,2009,10,3,8,10,22,27,6,,,
11.11.09,1257877800000.0,2009,11,7,5,12,26,14,9,,,
15.11.09,1258223400000.0,2009,11,42.4,78,103,59,47,68,,,
16.11.09,1258309800000.0,2009,11,11.4,19,13,15,36,19,,,
18.11.09,1258482600000.0,2009,11,0,2,0,0,2,0,,,
19.11.09,1258569000000.0,2009,11,0,0,23,4,39,0,,,
20.11.09,1258655400000.0,2009,11,0,0,0,8,3,0,,,
21.11.09,1258741800000.0,2009,11,0,0,0,0,2,0,,,
22.11.09,1258828200000.0,2009,11,17,15,19,26,2,0,,,
24.11.09,1259001000000.0,2009,11,0,0,0,0,1,0,,,
25.11.09,1259087400000.0,2009,11,2,6,0,3,2,0,,,
02.12.09,1234377000000.0,2009,02,0,22,41,3,12,28,,,
03.12.09,1236796200000.0,2009,03,1,30,28,0,7,5,,,
04.12.09,1239474600000.0,2009,04,19,2,3,8,37,0,,,
05.12.09,1242066600000.0,2009,05,1,0,0,6,0,0,,,
12.12.09,1260556200000.0,2009,12,0,7,6,0,1,0,,,
13.12.09,1260642600000.0,2009,12,0,20,11,6,51,67,,,
14.12.09,1260729000000.0,2009,12,0,0,0,0,3,0,,,
15.12.09,1260815400000.0,2009,12,0,0,8,0,0,0,,,
16.12.09,1260901800000.0,2009,12,87,68,75,81,96,64,,,
17.12.09,1260988200000.0,2009,12,12,7,15,8,7,7,,,
18.12.09,1261074600000.0,2009,12,1,19,18,9,10,0,,,
20.12.09,1261247400000.0,2009,12,0,0,1,0,2,5,,,
21.12.09,1261333800000.0,2009,12,12,16,2,6,25,78,,,
22.12.09,1261420200000.0,2009,12,3,1,7,0,24,27,,,
10.01.2018,1538332200000.0,2018,10,,,,,,,9,Tr,0.1
11.01.2018,1541010600000.0,2018,11,,,,,,,62,1.7,7.5
12.01.2018,1543602600000.0,2018,12,,,,,,,3,,
08.02.2018,1533148200000.0,2018,08,2.4,,,,13,,,1.0,1.4
17.03.2018,1521225000000.0,2018,03,5,1,8,0,0,0,0,0.8,0
18.03.2018,1521311400000.0,2018,03,2,0,0,0,2,0,2,0,0.6
02.05.2018,1517769000000.0,2018,02,4,,,,,,,,
03.06.2018,1520274600000.0,2018,03,3,,,4,,,,,
04.06.2018,1522953000000.0,2018,04,,,1,42,,,,,
07.06.2018,1530815400000.0,2018,07,2,15,21,5,45,23,0,35.3,29.7
15.06.2018,1529001000000.0,2018,06,2,,,,,,,,
16.06.2018,1529087400000.0,2018,06,4,4,7,4,4,2,0,15.4,22.8
18.06.2018,1529260200000.0,2018,06,,3,4,,,,,,
24.06.2018,1529778600000.0,2018,06,3,2,,,,13,0,1.0,Trace
25.06.2018,1529865000000.0,2018,06,3,3,4,7,,,,0.4,
27.06.2018,1530037800000.0,2018,06,12,,,,,24,,3.6,3.6
28.06.2018,1530124200000.0,2018,06,2,1,,4,,,,,
29.06.2018,1530210600000.0,2018,06,2,3,4,,,,,,
02.07.2018,1517941800000.0,2018,02,6,,,,16,18,,,
03.07.2018,1520361000000.0,2018,03,74,22,22,38,47,46,,60.0,50.0
10.07.2018,1538850600000.0,2018,10,4,5,9,11,,,,0.01,1.8
11.07.2018,1541529000000.0,2018,11,,,2,,,,3,10.6,2.7
12.07.2018,1544121000000.0,2018,12,10,14,8,13,30,48,0,28.1,17.4
13.07.2018,1531420200000.0,2018,07,4,5,,5,2,,2,4.9,3.0
14.07.2018,1531506600000.0,2018,07,,,,,12,,,1.1,21.4
18.07.2018,1531852200000.0,2018,07,,,,,,,,,0.1
19.07.2018,1531938600000.0,2018,07,,,,,,,,0.5,0.1
23.07.2018,1532284200000.0,2018,07,,,,,,,,Trace,Trace
24.07.2018,1532370600000.0,2018,07,,,,,,,,3.0,1.1
25.07.2018,1532457000000.0,2018,07,3,,,,5,,,0.2,3.3
27.07.2018,1532629800000.0,2018,07,,,,,,,,1.2,4.1
28.07.2018,1532716200000.0,2018,07,,,,,,,,0.1,
30.07.2018,1532889000000.0,2018,07,,,2,,,,,7.0,Trace
01.08.2018,1515349800000.0,2018,01,4,,,9,12,,,3.3,11.6
02.08.2018,1518028200000.0,2018,02,,,,,,,,0.5,0.3
03.08.2018,1520447400000.0,2018,03,,,,,5,,6,Trace,2.2
04.08.2018,1523125800000.0,2018,04,6,7,11,4,12,7,23,2.9,1.6
05.08.2018,1525717800000.0,2018,05,14,28,32,22,5,9,0,19.2,8.3
06.08.2018,1528396200000.0,2018,06,,,1,,,,,,0.4
07.08.2018,1530988200000.0,2018,07,,,,,,,,,0.4
08.08.2018,1533666600000.0,2018,08,,,,,4,,,0.1,5.9
09.08.2018,1536345000000.0,2018,09,8,7,10,8,7,,,9.3,12.0
10.08.2018,1538937000000.0,2018,10,12,18,16,18,2,10,0,13.8,7.0
11.08.2018,1541615400000.0,2018,11,5,7,6,7,4,7,0,5.4,3.2
12.08.2018,1544207400000.0,2018,12,5,4,6,7,1,0,0,4.1,2.6
13.08.2018,1534098600000.0,2018,08,,,,,,,,Trace,0.1
14.08.2018,1534185000000.0,2018,08,,,,,6,,4,2.5,1.2
15.08.2018,1534271400000.0,2018,08,45,26,17,32,53,47,7,56.8,67.4
16.08.2018,1534357800000.0,2018,08,4,14,11,0,3,0,0,2.5,1.2
17.08.2018,1534444200000.0,2018,08,6,6,5,6,3,0,0,6.5,5.4
22.08.2018,1534876200000.0,2018,08,,,,,,,,Trace,Trace
24.08.2018,1535049000000.0,2018,08,0,4,2,,,,6,0.1,
25.08.2018,1535135400000.0,2018,08,,,7,,,,26,1.6,0.2
26.08.2018,1535221800000.0,2018,08,9,4,6,38,0,0,0,1.8,0.5
28.08.2018,1535394600000.0,2018,08,5,33,20,11,11,0,12,10.0,9.7
29.08.2018,1535481000000.0,2018,08,4,,,4,,,,1.6,
30.08.2018,1535567400000.0,2018,08,,,,,,,33,,
31.08.2018,1535653800000.0,2018,08,,35,27,7,7,,32,31.5,16.1
01.09.2018,1515436200000.0,2018,01,5,13,6,3,,,2,0.4,0.2
02.09.2018,1518114600000.0,2018,02,32,,,5,4,,,1.2,2.2
03.09.2018,1520533800000.0,2018,03,,,,,,,,Trace,1.5
05.09.2018,1525804200000.0,2018,05,,,,,,,,Trace,Trace
14.09.2018,1536863400000.0,2018,09,20,3,7,56,14,5,,1.7,
15.09.2018,1536949800000.0,2018,09,,,,,,,3,,
16.09.2018,1537036200000.0,2018,09,27,,,2,,,,2.0,0.4
17.09.2018,1537122600000.0,2018,09,49,54,18,58,37,11,0,26.0,46.2
18.09.2018,1537209000000.0,2018,09,10,61,25,16,35,11,0,10.8,27.2
19.09.2018,1537295400000.0,2018,09,31,27,5,47,43,18,2,17.6,22.4
20.09.2018,1537381800000.0,2018,09,2,1,0,2,2,,,0.2,0.4
22.09.2018,1537554600000.0,2018,09,1,,,13,,,,Trace,
25.09.2018,1537813800000.0,2018,09,,,,2,,7,,,
26.09.2018,1537900200000.0,2018,09,5,,,,,,,,
29.09.2018,1538159400000.0,2018,09,,,,,,4,5,,
03.10.2018,1520620200000.0,2018,03,,,1,,,,5,,4.8
04.10.2018,1523298600000.0,2018,04,16,19,2,29,3,8,82,8.4,0.6
05.10.2018,1525890600000.0,2018,05,27,86,59,44,45,38,38,46,53.3
06.10.2018,1528569000000.0,2018,06,12,25,14,15,22,9,29,26,16
07.10.2018,1531161000000.0,2018,07,,25,,,,,24,6.5,0.2
08.10.2018,1533839400000.0,2018,08,,16,8,,,,,Trace,0.5
09.10.2018,1536517800000.0,2018,09,,,8,4,,,7,,0.3
17.10.2018,1539714600000.0,2018,10,15,,,3,,,15,0.2,Trace
18.10.2018,1539801000000.0,2018,10,,9,16,7,5,14,0,20,64.8
19.10.2018,1539887400000.0,2018,10,,,,,1,,3,,
20.10.2018,1539973800000.0,2018,10,0,0,0,0,3,0,0,0,60.2
21.10.2018,1540060200000.0,2018,10,0,0,0,0,9,0,3,1.0,14.2
22.10.2018,1540146600000.0,2018,10,0,0,0,0,0,0,29,0,0
31.10.2018,1540924200000.0,2018,10,0,15,32,0,13,5,0,8.5,5.8
01.11.2018,1515609000000.0,2018,01,0,40,61,14,35,19,16,35.6,33.4
02.11.2018,1518287400000.0,2018,02,37,14,10,16,7,21,16,8.0,8.5
03.11.2018,1520706600000.0,2018,03,0,0,0,0,0,0,57,0,0
04.11.2018,1523385000000.0,2018,04,0,4,3,0,0,5,5,6.0,7.2
05.11.2018,1525977000000.0,2018,05,5,4,0,2,3,0,6,0.0,0.0
06.11.2018,1528655400000.0,2018,06,0,0,2,4,5,0,0,0.1,0.6
07.11.2018,1531247400000.0,2018,07,2,0,0,0,0,0,0,0,0
08.11.2018,1533925800000.0,2018,08,0,0,0,0,0,0,7,0,0
09.11.2018,1536604200000.0,2018,09,0,0,0,0,0,0,17,0,0
10.11.2018,1539196200000.0,2018,10,0,0,0,0,0,0,0,Trace,0
15.11.2018,1542220200000.0,2018,11,4,4,5,4,1,2,0,1.0,1.4
16.11.2018,1542306600000.0,2018,11,12,19,12,16,4,18,43,2.0,6.5
17.11.2018,1542393000000.0,2018,11,0,0,0,2,3,1,3,3.8,0.0
18.11.2018,1542479400000.0,2018,11,0,0,0,0,11,0,0,0,3.8
19.11.2018,1542565800000.0,2018,11,0,0,0,0,0,0,0,0.2,0.3
20.11.2018,1542652200000.0,2018,11,0,0,0,0,0,0,7,0,0
21.11.2018,1542738600000.0,2018,11,11,19,31,27,45,22,45,17.4,39.5
22.11.2018,1542825000000.0,2018,11,56,120,106,83,31,31,4,85.5,75.9
23.11.2018,1542911400000.0,2018,11,13,59,57,52,21,11,8,12.3,16.9
24.11.2018,1542997800000.0,2018,11,24,7,5,3,0,2,30,0,0
29.11.2018,1543429800000.0,2018,11,,,,,,,41,,
30.11.2018,1543516200000.0,2018,11,,,,,,,11,,Trace
04.12.2018,1523471400000.0,2018,04,14,80,48,33,5,2,7,6.4,11.1
05.12.2018,1526063400000.0,2018,05,6,78,16,48,13,8,1,0.0,16.5
06.12.2018,1528741800000.0,2018,06,0,17,12,0,7,27,18,21.2,3.6
15.12.2018,1544812200000.0,2018,12,,,,,,,,Trace,Trace
16.12.2018,1544898600000.0,2018,12,0,0,0,0,0,0,0,0.1,0
23.12.2018,1545503400000.0,2018,12,0,0,0,0,6,0,14,7.2,21.4
24.12.2018,1545589800000.0,2018,12,0,0,0,0,0,0,16,0,0
30.12.2018,1546108200000.0,2018,12,0,0,3,0,0,0,0,0.2,0.6
23.01.15,1421951400000.0,2015,01,0,0,0,0,3,0,0,1.2,1.2
24.01.15,1422037800000.0,2015,01,1,0,0,0,2,0,0,0,0
12.05.16,1480876200000.0,2016,12,0,0,0,0,0,0,0,0,0
17.05.16,1463423400000.0,2016,05,14,37,30,37,120,32,80,67,0.7
18.05.16,1463509800000.0,2016,05,82.7,114,88,86,122,80,5,93,116.7
19.05.16,1463596200000.0,2016,05,46.8,76,72,88,39,24,7,46.8,55.5
20.05.16,1463682600000.0,2016,05,0,0,0,0,0,0,22,0,0
02.06.16,1454697000000.0,2016,02,12.2,0,0,0,0,0,0,0,0
06.06.16,1465151400000.0,2016,06,2.4,0,0,0,0,0,0,0,0
07.06.16,1467743400000.0,2016,07,4.2,3,10,0,45,7,0,36.4,29.8
08.06.16,1470421800000.0,2016,08,6,36,21.6,29,12,59,0,53.2,4.4
09.06.16,1473100200000.0,2016,09,40.4,0,0,15,19,6,0,6.9,6.8
20.06.16,1466361000000.0,2016,06,66.4,20,7.4,14,10,42,0,9,10.6
21.06.16,1466447400000.0,2016,06,2.8,0,0,0,0,0,0,0,0
22.06.16,1466533800000.0,2016,06,6.4,2,6,5,5,17,2,3.1,2.1
22.06.16,1466533800000.0,2016,06,1.6,4,25,0,0,0,9,0,0
24.06.16,1466706600000.0,2016,06,0,0,0,0,0,0,1,0,tr
25.06.16,1466793000000.0,2016,06,0,1,0,0,0,0,0,1.6,1.7
26.06.16,1466879400000.0,2016,06,2.8,0,0,0,10,6,0,2.1,6.2
27.06.16,1466965800000.0,2016,06,9.2,14,20,11,10,23,0,10.8,17.3
29.06.16,1467138600000.0,2016,06,25.2,22,23,34,25,18,0,13.7,28.8
30.06.16,1467225000000.0,2016,06,2.6,3,1.6,3,5,0,0,2.3,2.7
03.07.16,1457289000000.0,2016,03,4.6,9,5.2,19,0,0,0,2.9,0.4
05.07.16,1462559400000.0,2016,05,19.4,0,0,6,0,0,0,0,0
07.07.16,1467829800000.0,2016,07,1.4,4,4,5,15,0,0,21.9,17.8
08.07.16,1470508200000.0,2016,08,0,0,0,0,5,0,0,6.4,5.1
09.07.16,1473186600000.0,2016,09,0,0,0,0,0,0,27,0,0
15.07.16,1468521000000.0,2016,07,19.4,0,0,4,0,0,0,0,0
17.07.16,1468693800000.0,2016,07,2.6,0,0,7,0,0,0,0,0
18.07.16,1468780200000.0,2016,07,3.4,1,0,0,0,0,0,0,0
19.07.16,1468866600000.0,2016,07,2,2,1,0,10,0,0,0.7,7.6
20.07.16,1468953000000.0,2016,07,0,3,0,0,3,12,0,3.7,7
21.07.16,1469039400000.0,2016,07,0,0,0,0,0,0,4,0.8,0
23.07.16,1469212200000.0,2016,07,0,1,0,0,0,0,0,0.2,0
25.07.16,1469385000000.0,2016,07,0,1,0,0,0,0,0,0,0
28.07.16,1469644200000.0,2016,07,0,0,0,0,0,0,0,0,0
29.07.16,1469730600000.0,2016,07,5,4,15,7,2,11,88,0,1.6
31.07.16,1469903400000.0,2016,07,0,0,0,0,2,0,0,1.7,4
02.08.16,1454869800000.0,2016,02,2.2,1,0,0,0,5,0,5.4,0.1
08.08.16,1470594600000.0,2016,08,0,1,4,0,0,0,0,1.2,0.2
09.08.16,1473273000000.0,2016,09,0,0,1,0,0,0,0,0,1.2
10.08.16,1475865000000.0,2016,10,4,1,3.8,0,0,10,0,9.8,5.2
11.08.16,1478543400000.0,2016,11,1.6,2,3.2,0,6,11,0,3.2,0.5
14.08.16,1471113000000.0,2016,08,0,1,0,0,4,0,0,0,0
20.08.16,1471631400000.0,2016,08,0,0,0,0,0,0,4,0,0
24.08.16,1471977000000.0,2016,08,0,1,1.6,0,0,0,0,1.6,2
27.08.16,1472236200000.0,2016,08,5.4,0,0,0,1,0,0,6.4,13.6
28.08.16,1472322600000.0,2016,08,0,0,0,0,0,0,0,0.3,14.1
29.08.16,1472409000000.0,2016,08,0,0,0,0,0,0,10,0.5,0.6
30.08.16,1472495400000.0,2016,08,0,3,0,0,10,0,80,2.7,tr
31.08.16,1472581800000.0,2016,08,2,2,2.4,2,31,0,0,10.2,26.7
01.09.16,1452277800000.0,2016,01,0,0,0,0,0,0,54,0,0
02.09.16,1454956200000.0,2016,02,45.6,83,75,73,40,33,0,72.6,25.8
03.09.16,1457461800000.0,2016,03,3,0,0,0,0,13,0,0,0
04.09.16,1460140200000.0,2016,04,0,38,6,11,34,25,0,0,0
05.09.16,1462732200000.0,2016,05,1,0,0,0,0,0,0,0,0
09.09.16,1473359400000.0,2016,09,0,0,0,0,0,0,0,0.4,0.3
10.09.16,1475951400000.0,2016,10,0,13,7,0,6,0,0,43.3,4.5
11.09.16,1478629800000.0,2016,11,44.6,0,4.4,9,53,0,0,0,52.5
15.09.16,1473877800000.0,2016,09,0,0,0,0,0,0,0,0,1.2
16.09.16,1473964200000.0,2016,09,63.4,78,107,86,33,19,2,32,27.8
17.09.16,1474050600000.0,2016,09,25,20,26.4,18,57,23,6,56.4,26.5
19.09.16,1474223400000.0,2016,09,1,0,0,0,0,0,0,0.2,0
20.09.16,1474309800000.0,2016,09,0,0,0,0,0,0,0,0,0.1
21.09.16,1474396200000.0,2016,09,2,3,4,1,6,8,0,1.7,5.8
22.09.16,1474482600000.0,2016,09,0,0,0,0,1,0,0,0,1.0
29.09.16,1475087400000.0,2016,09,44.6,14,25,28,77,36,0,82.1,77
30.09.16,1475173800000.0,2016,09,12.2,2,1,13,0,0,0,tr,0.6
01.10.16,1452364200000.0,2016,01,0,3,3,0,0,0,0,10.2,0
09.10.16,1473445800000.0,2016,09,0,3,4,0,0,0,0,0,0
10.10.16,1476037800000.0,2016,10,0,0,0,2,0,0,0,6.2,1.8
11.10.16,1478716200000.0,2016,11,0,0,0,1,0,0,0,0,0
12.10.16,1481308200000.0,2016,12,0,0,0,0,0,0,15,0,0
30.10.16,1477765800000.0,2016,10,0,1,2,0,0,0,22,3.2,0.2
31.10.16,1477852200000.0,2016,10,0,2,3,11,0,9,13,tr,3.5
01.11.16,1452450600000.0,2016,01,6,15,3,1,0,5,0,7,0.3
02.11.16,1455129000000.0,2016,02,4.2,4.0,8.0,27,0,0,0,2.0,4.4
03.11.16,1457634600000.0,2016,03,10,20,27.4,33,14,7,0,14,15.7
04.11.16,1460313000000.0,2016,04,0,6,1,0,2,6,0,2.4,2.4
07.11.16,1468175400000.0,2016,07,0,0,0,0,0,0,0,0,0
08.11.16,1470853800000.0,2016,08,0,0,0,0,0,0,21.0,3.2,0
12.11.16,1481394600000.0,2016,12,0,0,0,0,0,0,0,0,0
13.11.16,1478975400000.0,2016,11,0,0,0,0,0,0,17,0.8,0.8
14.11.16,1479061800000.0,2016,11,0,0,0,0,7,0,2,0,0
15.11.16,1479148200000.0,2016,11,0,0,0,0,0,0,13,0,0
16.11.16,1479234600000.0,2016,11,0,0,0,0,3,0,0,17.9,0.6
17.11.16,1479321000000.0,2016,11,0,0,0,0,0,5,0,0,0
18.11.16,1479407400000.0,2016,11,0,0,0,0,0,0,14,0,0
30.11.16,1480444200000.0,2016,11,0,0,0,0,0,0,0,0,0
01.12.16,1452537000000.0,2016,01,0,0,0,0,0,0,0,0.8,1
02.12.16,1455215400000.0,2016,02,26,57,57,33,27,33,19.2,39.5,35.1
03.12.16,1457721000000.0,2016,03,34.2,7,8,39,59,52,0,27.6,61.7
04.12.16,1460399400000.0,2016,04,22.2,20,14.2,29,10,8,0,5.1,30.3
05.12.16,1462991400000.0,2016,05,4.6,0,0,0,8,19,1,2.6,0.5
08.12.16,1470940200000.0,2016,08,0,0,0,0,0,0,0,0,0.3
12.12.16,1481481000000.0,2016,12,7.4,37,34,27,26,14,0,32.6,32.4
13.12.16,1481567400000.0,2016,12,86.5,110,106,92.1,214,152,6,119.1,202.4
14.12.16,1481653800000.0,2016,12,0.6,0,1.0,0,0,0,0,0,0
16.12.16,1481826600000.0,2016,12,0,0,0,0,4.0,0,0,0,0
31.12.16,1483122600000.0,2016,12,0,0,0,0,0,0,0,0,0
04.01.08,1206988200000.0,2008,04,3,52,43,26,15,12,,,
05.01.08,1209580200000.0,2008,05,47,79,32,75,40,45,,,
10.02.08,1222885800000.0,2008,10,1,0,0,13,24,39,,,
11.02.08,1225564200000.0,2008,11,1,4,2,0,16,0,,,
12.02.08,1228156200000.0,2008,12,0,0,2,0,2,0,,,
15.02.08,1203013800000.0,2008,02,0,0,6,0,2,0,,,
16.02.08,1203100200000.0,2008,02,0,0,3,0,8,6,,,
12.03.08,1228242600000.0,2008,12,18,48,34,13,15,-,,,
13.03.08,1205346600000.0,2008,03,6,0,1,0,0,0,,,
14.03.08,1205433000000.0,2008,03,4,42,73,25,5,0,,,
15.03.08,1205519400000.0,2008,03,1,21,18,2,10,2,,,
21.03.08,1206037800000.0,2008,03,82,5,7,28,17,3,,,
22.03.08,1206124200000.0,2008,03,25,65,54,34,32,17,,,
23.03.08,1206210600000.0,2008,03,4,0,0,3,4,5,,,
26.03.08,1206469800000.0,2008,03,58,0,0,5,0,0,,,
01.04.08,1199385000000.0,2008,01,0,0,0,8,0,0,,,
02.05.08,1202149800000.0,2008,02,0,0,3,0,0,0,,,
11.05.08,1225823400000.0,2008,11,14,0,0,0,0,0,,,
13.05.08,1210617000000.0,2008,05,1,0,0,0,0,0,,,
15.05.08,1210789800000.0,2008,05,0,0,0,0,14,0,,,
19.05.08,1211135400000.0,2008,05,0,0,0,3,0,0,,,
21.05.08,1211308200000.0,2008,05,2,0,0,0,0,0,,,
22.05.08,1211394600000.0,2008,05,63,0,0,6,1,5,,,
23.05.08,1211481000000.0,2008,05,1,0,0,0,0,0,,,
01.06.08,1199557800000.0,2008,01,9,0,29,0,0,0,,,
05.06.08,1210012200000.0,2008,05,2,0,2,21,0,0,,,
06.06.08,1212690600000.0,2008,06,0,4,2,0,0,0,,,
07.06.08,1215282600000.0,2008,07,0,0,0,0,1,0,,,
08.06.08,1217961000000.0,2008,08,0,4,0,0,0,0,,,
09.06.08,1220639400000.0,2008,09,1,0,2,0,0,0,,,
10.06.08,1223231400000.0,2008,10,5,0,0,0,0,0,,,
12.06.08,1228501800000.0,2008,12,1,2,0,0,23,0,,,
15.06.08,1213468200000.0,2008,06,0,0,0,0,2,0,,,
20.06.08,1213900200000.0,2008,06,11,0,0,0,0,3,,,
22.06.08,1214073000000.0,2008,06,66,54,93,39,57,43,,,
26.06.08,1214418600000.0,2008,06,1,4,4,2,6,14,,,
27.06.08,1214505000000.0,2008,06,0,2,2,4,0,0,,,
28.06.08,1214591400000.0,2008,06,4,27,15,13,2,8,,,
29.06.08,1214677800000.0,2008,06,5,19,9,5,9,5,,,
30.06.08,1214764200000.0,2008,06,1,0,0,0,0,0,,,
02.07.08,1202322600000.0,2008,02,8,12,0,9,0,0,,,
04.07.08,1207506600000.0,2008,04,3,3,6,12,9,11,,,
10.07.08,1223317800000.0,2008,10,16,38,34,29,14,19,,,
13.07.08,1215887400000.0,2008,07,0,0,0,0,2,0,,,
19.07.08,1216405800000.0,2008,07,40,3,12,40,0,0,,,
25.07.08,1216924200000.0,2008,07,2,2,6,6,0,3,,,
27.07.08,1217097000000.0,2008,07,9,3,10,6,3,5,,,
28.07.08,1217183400000.0,2008,07,9,2,8,10,13,4,,,
29.07.08,1217269800000.0,2008,07,10,16,13,7,4,10,,,
31.07.08,1217442600000.0,2008,07,0,2,0,4,0,0,,,
02.08.08,1202409000000.0,2008,02,0,0,0,0,0,4,,,
04.08.08,1207593000000.0,2008,04,3,0,0,0,7,6,,,
06.08.08,1212863400000.0,2008,06,0,0,2,0,0,0,,,
09.08.08,1220812200000.0,2008,09,5,3,3,7,27,5,,,
11.08.08,1226082600000.0,2008,11,1,6,5,5,0,0,,,
13.08.08,1218565800000.0,2008,08,0,0,0,1,0,0,,,
14.08.08,1218652200000.0,2008,08,0,2,0,0,0,0,,,
17.08.08,1218911400000.0,2008,08,2,0,0,0,0,0,,,
18.08.08,1218997800000.0,2008,08,30,7,14,18,15,6,,,
20.08.08,1219170600000.0,2008,08,98,56,93,96,15,30,,,
21.08.08,1219257000000.0,2008,08,0,0,12,0,0,0,,,
22.08.08,1219343400000.0,2008,08,0,22,24,3,0,5,,,
23.08.08,1219429800000.0,2008,08,0,0,0,3,0,0,,,
24.08.08,1219516200000.0,2008,08,0,6,11,21,0,0,,,
27.08.08,1219775400000.0,2008,08,0,0,2,0,0,0,,,
01.09.08,1199817000000.0,2008,01,17,0,0,0,0,0,,,
02.09.08,1202495400000.0,2008,02,0,17,12,0,4,0,,,
04.09.08,1207679400000.0,2008,04,0,0,0,0,3,0,,,
07.09.08,1215541800000.0,2008,07,0,11,12,0,0,0,,,
08.09.08,1218220200000.0,2008,08,1,2,8,0,50,16,,,
09.09.08,1220898600000.0,2008,09,0,0,0,0,0,2,,,
10.09.08,1223490600000.0,2008,10,0,4,2,0,0,0,,,
11.09.08,1226169000000.0,2008,11,0,9,2,11,0,0,,,
12.09.08,1228761000000.0,2008,12,0,3,0,0,0,0,,,
15.09.08,1221417000000.0,2008,09,15,14,16,15,8,9,,,
21.09.08,1221935400000.0,2008,09,10,0,0,31,3,12,,,
25.09.08,1222281000000.0,2008,09,9,50,89,19,25,32,,,
26.09.08,1222367400000.0,2008,09,0,2,0,0,0,0,,,
30.09.08,1222713000000.0,2008,09,20,34,8,31,45,55,,,
03.10.08,1205087400000.0,2008,03,1,0,0,0,0,0,,,
04.10.08,1207765800000.0,2008,04,6,27,12,29,0,43,,,
05.10.08,1210357800000.0,2008,05,7,0,0,0,3,15,,,
12.10.08,1228847400000.0,2008,12,2,3,19,0,15,8,,,
13.10.08,1223836200000.0,2008,10,8,42,45,28,40,13,,,
14.10.08,1223922600000.0,2008,10,5,13,13,19,25,7,,,
15.10.08,1224009000000.0,2008,10,1,0,2,0,2,2,,,
16.10.08,1224095400000.0,2008,10,8,4,5,13,8,3,,,
17.10.08,1224181800000.0,2008,10,1,6,12,6,16,0,,,
18.10.08,1224268200000.0,2008,10,25,13,8,22,6,0,,,
19.10.08,1224354600000.0,2008,10,1,6,14,13,9,8,,,
20.10.08,1224441000000.0,2008,10,28,27,26,54,39,44,,,
21.10.08,1224527400000.0,2008,10,69,112,93,96,122,60,,,
22.10.08,1224613800000.0,2008,10,7,7,15,17,22,18,,,
23.10.08,1224700200000.0,2008,10,77,40,38,43,37,20,,,
24.10.08,1224786600000.0,2008,10,0,0,0,0,13,2,,,
25.10.08,1224873000000.0,2008,10,11,68,55,13,68,40,,,
11.11.08,1226341800000.0,2008,11,6,12,16,8,2,0,,,
13.11.08,1226514600000.0,2008,11,0,5,0,0,0,0,,,
16.11.08,1226773800000.0,2008,11,33,55,35,66,5,15,,,
19.11.08,1227033000000.0,2008,11,1,0,0,0,0,0,,,
22.11.08,1227292200000.0,2008,11,31,65,36,25,36,17,,,
23.11.08,1227378600000.0,2008,11,16,26,43,34,38,34,,,
24.11.08,1227465000000.0,2008,11,3,12,31,6,20,0,,,
25.11.08,1227551400000.0,2008,11,4,0,0,0,0,0,,,
26.11.08,1227637800000.0,2008,11,56,32,64,40,93,67,,,
27.11.08,1227724200000.0,2008,11,97,95,109,86,138,116,,,
28.11.08,1227810600000.0,2008,11,162,136,148,194,236,160,,,
29.11.08,1227897000000.0,2008,11,64,82,62,37,17,53,,,
30.11.08,1227983400000.0,2008,11,22,25,7,37,27,15,,,
01.12.08,1200076200000.0,2008,01,7,7,2,6,14,7,,,
02.12.08,1202754600000.0,2008,02,14,0,0,11,2,0,,,
09.12.08,1221157800000.0,2008,09,2,2,4,0,2,0,,,
10.12.08,1223749800000.0,2008,10,4,2,3,20,6,15,,,
